id,flow,suite,archivo,caso,resultado,segundos,detalle
F0-001,F0,backend,backend.tests.test_qe_auth_flow,test_a_forged_token_is_not_accepted,PASS,0.005,
F0-002,F0,backend,backend.tests.test_qe_auth_flow,test_a_local_caller_enters_the_mvp_session_and_receives_a_cookie,PASS,0.008,
F0-003,F0,backend,backend.tests.test_qe_auth_flow,test_a_preflight_request_is_not_guarded,PASS,0.007,
F0-004,F0,backend,backend.tests.test_qe_auth_flow,test_a_remote_caller_is_refused_automatic_access,PASS,0.006,
F0-005,F0,backend,backend.tests.test_qe_auth_flow,test_a_request_with_a_session_is_allowed,PASS,0.056,
F0-006,F0,backend,backend.tests.test_qe_auth_flow,test_a_request_without_a_session_is_refused,PASS,0.008,
F0-007,F0,backend,backend.tests.test_qe_auth_flow,test_a_route_outside_the_api_prefix_is_not_guarded,PASS,0.006,
F0-008,F0,backend,backend.tests.test_qe_auth_flow,test_a_short_configured_credential_is_refused,PASS,0.011,
F0-009,F0,backend,backend.tests.test_qe_auth_flow,test_a_wrong_password_is_refused,PASS,0.007,
F0-010,F0,backend,backend.tests.test_qe_auth_flow,test_an_unknown_email_is_refused,PASS,0.006,
F0-011,F0,backend,backend.tests.test_qe_auth_flow,test_automatic_access_can_be_switched_off,PASS,0.007,
F0-012,F0,backend,backend.tests.test_qe_auth_flow,test_correct_credentials_create_a_working_session,PASS,0.071,
F0-013,F0,backend,backend.tests.test_qe_auth_flow,test_login_is_refused_when_no_credential_is_configured,PASS,0.010,
F0-014,F0,backend,backend.tests.test_qe_auth_flow,test_logout_revokes_the_session_on_the_server,PASS,0.015,
F0-015,F0,backend,backend.tests.test_qe_auth_flow,test_logout_without_a_session_is_not_an_error,PASS,0.006,
F0-016,F0,backend,backend.tests.test_qe_auth_flow,test_one_logout_does_not_revoke_another_operators_session,PASS,0.014,
F0-017,F0,backend,backend.tests.test_qe_auth_flow,test_reading_the_session_returns_the_operator,PASS,0.010,
F0-018,F0,backend,backend.tests.test_qe_auth_flow,test_reading_the_session_without_one_is_refused,PASS,0.006,
F0-019,F0,backend,backend.tests.test_qe_auth_flow,test_repeated_failures_are_throttled,PASS,0.051,
F0-020,F0,backend,backend.tests.test_qe_auth_flow,test_the_email_comparison_is_case_insensitive,PASS,0.009,
F0-021,F0,backend,backend.tests.test_qe_auth_flow,test_the_guard_cannot_be_bypassed_with_a_header,PASS,0.010,
F0-022,F0,backend,backend.tests.test_qe_auth_flow,test_the_guard_covers_the_whole_api_surface[/api/v1/orchestrator/pipeline/status],PASS,0.006,
F0-023,F0,backend,backend.tests.test_qe_auth_flow,test_the_guard_covers_the_whole_api_surface[/api/v1/sessions],PASS,0.006,
F0-024,F0,backend,backend.tests.test_qe_auth_flow,test_the_guard_covers_the_whole_api_surface[/api/v1/specifications],PASS,0.005,
F0-025,F0,backend,backend.tests.test_qe_auth_flow,test_the_session_cookie_is_hardened,PASS,0.008,
F0-026,F0,backend,backend.tests.test_qe_auth_flow,test_the_session_token_is_not_the_stored_form,PASS,0.006,
F0-027,F0,backend,backend.tests.test_qe_auth_flow,test_the_throttle_window_expires,PASS,0.007,
F0-028,F0,frontend,src/test/auth.test.tsx,Server authentication > does not grant access from a fabricated localStorage user,PASS,0.104787196,
F1-001,F1,backend,backend.tests.test_entry_point_parity,test_create_session_hands_the_callers_credentials_to_the_worker,PASS,0.011,
F1-002,F1,backend,backend.tests.test_entry_point_parity,test_the_worker_decides_the_mode_with_the_credentials_and_states_the_key,PASS,0.025,
F1-003,F1,backend,backend.tests.test_qe_specification_guard,test_a_long_question_without_domain_words_is_allowed,PASS,0.002,
F1-004,F1,backend,backend.tests.test_qe_specification_guard,test_a_title_alone_does_not_make_something_a_specification,PASS,0.003,
F1-005,F1,backend,backend.tests.test_qe_specification_guard,test_conversation_is_refused[   ],PASS,0.002,
F1-006,F1,backend,backend.tests.test_qe_specification_guard,test_conversation_is_refused[What is the weather today?],PASS,0.003,
F1-007,F1,backend,backend.tests.test_qe_specification_guard,test_conversation_is_refused[\xbfQu\xe9 d\xeda es hoy?],PASS,0.002,
F1-008,F1,backend,backend.tests.test_qe_specification_guard,test_conversation_is_refused[],PASS,0.003,
F1-009,F1,backend,backend.tests.test_qe_specification_guard,test_conversation_is_refused[hi there],PASS,0.003,
F1-010,F1,backend,backend.tests.test_qe_specification_guard,test_conversation_is_refused[hola],PASS,0.002,
F1-011,F1,backend,backend.tests.test_qe_specification_guard,test_conversation_is_refused[que dia es hoy?],PASS,0.003,
F1-012,F1,backend,backend.tests.test_qe_specification_guard,test_real_specifications_are_never_blocked[# Feature Specification: help-desk\n\n- Customer\n- Ticket\n],PASS,0.002,
F1-013,F1,backend,backend.tests.test_qe_specification_guard,"test_real_specifications_are_never_blocked[A REST API to manage orders, with create, read, update and delete operations]",PASS,0.003,
F1-014,F1,backend,backend.tests.test_qe_specification_guard,test_real_specifications_are_never_blocked[Customer CRUD with email and tier],PASS,0.002,
F1-015,F1,backend,backend.tests.test_qe_specification_guard,test_real_specifications_are_never_blocked[GIVEN a customer WHEN they register THEN an account is created],PASS,0.002,
F1-016,F1,backend,backend.tests.test_qe_specification_guard,test_real_specifications_are_never_blocked[Necesito que los usuarios puedan registrar pedidos y consultar su estado],PASS,0.003,
F1-017,F1,backend,backend.tests.test_qe_specification_guard,test_real_specifications_are_never_blocked[Un servicio para gestionar tickets de soporte con CRUD completo],PASS,0.002,
F1-018,F1,backend,backend.tests.test_qe_specification_guard,test_the_bulleted_story_layout_is_read_not_fabricated,PASS,0.003,
F1-019,F1,backend,backend.tests.test_qe_specification_guard,test_the_error_carries_a_structured_envelope,PASS,0.003,
F1-020,F1,backend,backend.tests.test_qe_specification_guard,test_the_guard_runs_before_anything_else_happens,PASS,0.003,
F1-021,F1,backend,backend.tests.test_qe_specification_guard,test_the_parser_refuses_a_document_with_no_entities,PASS,0.004,
F1-022,F1,backend,backend.tests.test_qe_specification_guard,test_the_parser_round_trips_the_layout_the_application_writes,PASS,0.006,
F1-023,F1,backend,backend.tests.test_qe_specification_guard,test_the_refusal_names_what_was_missing,PASS,0.002,
F1-024,F1,backend,backend.tests.test_qe_specification_guard,test_the_reported_input_is_refused,PASS,0.003,
F1-025,F1,backend,backend.tests.test_qe_specification_guard,test_the_upload_entrance_no_longer_invents_a_domain,PASS,0.012,
F1-026,F1,backend,backend.tests.test_qe_specification_persistence,test_a_saved_specification_is_written_to_disk,PASS,0.004,
F1-027,F1,backend,backend.tests.test_qe_specification_persistence,test_an_unknown_id_still_raises_keyerror,PASS,0.003,
F1-028,F1,backend,backend.tests.test_qe_specification_persistence,test_an_unwritable_directory_does_not_lose_the_specification,PASS,0.004,
F1-029,F1,backend,backend.tests.test_qe_specification_persistence,test_it_is_readable_after_the_cache_is_lost,PASS,0.003,
F1-030,F1,backend,backend.tests.test_qe_specification_persistence,test_the_uploaded_document_survives_and_keeps_its_content,PASS,0.017,
F1-031,F1,backend,backend.tests.test_routes_spec,test_submit_spec_json_frontend_transfer_payload,PASS,0.009,
F1-032,F1,backend,backend.tests.test_routes_spec,test_submit_spec_json_invalid_payload,PASS,0.007,
F1-033,F1,backend,backend.tests.test_routes_spec,test_submit_spec_json_success,PASS,0.008,
F1-034,F1,backend,backend.tests.test_routes_spec,test_upload_spec_markdown,PASS,0.010,
F10-001,F10,backend,backend.tests.test_lifecycle_service,test_initial_session_lifecycle,PASS,0.009,
F10-002,F10,backend,backend.tests.test_lifecycle_service,test_lifecycle_security_audit_completed_and_100_percent,PASS,0.023,
F10-003,F10,backend,backend.tests.test_lifecycle_service,test_mark_downstream_outdated,PASS,0.017,
F10-004,F10,backend,backend.tests.test_lifecycle_service,test_prerequisite_guards_prevent_premature_transition,PASS,0.008,
F10-005,F10,backend,backend.tests.test_lifecycle_service,test_project_overview_summary,PASS,0.038,
F10-006,F10,backend,backend.tests.test_lifecycle_service,test_sequential_transitions_with_artifacts,PASS,0.022,
F10-007,F10,backend,backend.tests.test_pipeline_runner,test_a_substituted_verification_is_not_reported_as_a_pass,PASS,1.272,
F10-008,F10,backend,backend.tests.test_pipeline_runner,test_a_verifier_that_raises_is_recorded_as_unverified,PASS,1.259,
F10-009,F10,backend,backend.tests.test_pipeline_runner,test_pipeline_runner_full_run,PASS,1.921,
F10-010,F10,backend,backend.tests.test_pipeline_runner,test_pipeline_runner_hot_pause,PASS,0.010,
F10-011,F10,backend,backend.tests.test_pipeline_runner,test_pipeline_runner_quality_gate_block,PASS,1.520,
F10-012,F10,backend,backend.tests.test_pipeline_runner,test_the_sequential_path_verifies_the_workspace,PASS,1.536,
F10-013,F10,backend,backend.tests.test_qe_lifecycle_rules,test_a_blocked_quality_gate_blocks_phase_six_and_reports_why,PASS,0.011,
F10-014,F10,backend,backend.tests.test_qe_lifecycle_rules,test_a_blocked_repair_loop_blocks_phase_five_and_the_whole_session,PASS,0.007,
F10-015,F10,backend,backend.tests.test_qe_lifecycle_rules,test_a_cancelled_session_cannot_advance_and_says_so,PASS,0.006,
F10-016,F10,backend,backend.tests.test_qe_lifecycle_rules,test_a_compose_file_and_a_healthy_deployment_complete_phase_seven,PASS,0.011,
F10-017,F10,backend,backend.tests.test_qe_lifecycle_rules,test_a_compose_file_without_a_healthy_deployment_leaves_phase_seven_in_progress,PASS,0.012,
F10-018,F10,backend,backend.tests.test_qe_lifecycle_rules,test_a_corrupt_progress_json_reads_as_no_outdated_phases,PASS,0.006,
F10-019,F10,backend,backend.tests.test_qe_lifecycle_rules,test_a_corrupt_stories_file_still_counts_as_one_story,PASS,0.006,
F10-020,F10,backend,backend.tests.test_qe_lifecycle_rules,test_a_dict_shaped_stories_file_is_counted_by_its_stories_key,PASS,0.006,
F10-021,F10,backend,backend.tests.test_qe_lifecycle_rules,test_a_fully_complete_session_reports_completion,PASS,0.012,
F10-022,F10,backend,backend.tests.test_qe_lifecycle_rules,test_a_partially_complete_session_reports_a_partial_percentage,PASS,0.006,
F10-023,F10,backend,backend.tests.test_qe_lifecycle_rules,test_a_paused_session_says_it_can_be_resumed,PASS,0.005,
F10-024,F10,backend,backend.tests.test_qe_lifecycle_rules,test_a_quality_gate_that_raises_leaves_the_phase_not_started,PASS,0.011,
F10-025,F10,backend,backend.tests.test_qe_lifecycle_rules,test_a_session_with_a_spec_id_but_no_spec_file_is_in_progress,PASS,0.007,
F10-026,F10,backend,backend.tests.test_qe_lifecycle_rules,test_an_unknown_session_gets_a_fresh_initial_state,PASS,0.003,
F10-027,F10,backend,backend.tests.test_qe_lifecycle_rules,test_an_unreadable_schema_file_does_not_break_the_overview,PASS,0.006,
F10-028,F10,backend,backend.tests.test_qe_lifecycle_rules,test_an_unrecognised_lifecycle_mode_falls_back_to_guided_step,PASS,0.005,
F10-029,F10,backend,backend.tests.test_qe_lifecycle_rules,test_an_unrecognised_lifecycle_phase_falls_back_to_initial,PASS,0.005,
F10-030,F10,backend,backend.tests.test_qe_lifecycle_rules,test_clearing_a_corrupt_progress_json_still_writes_a_clean_record,PASS,0.006,
F10-031,F10,backend,backend.tests.test_qe_lifecycle_rules,test_clearing_a_session_that_does_not_exist_does_not_raise,PASS,0.003,
F10-032,F10,backend,backend.tests.test_qe_lifecycle_rules,test_clearing_removes_every_outdated_flag,PASS,0.007,
F10-033,F10,backend,backend.tests.test_qe_lifecycle_rules,test_each_progress_function_is_defined_once,PASS,0.003,
F10-034,F10,backend,backend.tests.test_qe_lifecycle_rules,test_force_bypasses_the_prerequisite_guard,PASS,0.007,
F10-035,F10,backend,backend.tests.test_qe_lifecycle_rules,test_marking_a_session_that_does_not_exist_returns_empty,PASS,0.004,
F10-036,F10,backend,backend.tests.test_qe_lifecycle_rules,test_marking_accepts_a_plain_string_phase,PASS,0.006,
F10-037,F10,backend,backend.tests.test_qe_lifecycle_rules,test_marking_an_unknown_phase_is_a_no_op,PASS,0.004,
F10-038,F10,backend,backend.tests.test_qe_lifecycle_rules,test_marking_downstream_outdated_accumulates_across_calls,PASS,0.010,
F10-039,F10,backend,backend.tests.test_qe_lifecycle_rules,test_marking_starts_from_clean_when_the_progress_json_is_corrupt,PASS,0.006,
F10-040,F10,backend,backend.tests.test_qe_lifecycle_rules,test_marking_the_last_phase_outdated_has_no_downstream,PASS,0.005,
F10-041,F10,backend,backend.tests.test_qe_lifecycle_rules,test_outdated_phases_are_read_from_the_progress_json,PASS,0.008,
F10-042,F10,backend,backend.tests.test_qe_lifecycle_rules,test_phase_six_is_locked_while_phase_five_is_unfinished,PASS,0.007,
F10-043,F10,backend,backend.tests.test_qe_lifecycle_rules,test_phase_two_is_enterable_once_phase_one_is_complete,PASS,0.006,
F10-044,F10,backend,backend.tests.test_qe_lifecycle_rules,test_phase_two_is_locked_until_phase_one_completes,PASS,0.005,
F10-045,F10,backend,backend.tests.test_qe_lifecycle_rules,test_tests_are_only_reported_passed_when_phase_five_completed,PASS,0.007,
F10-046,F10,backend,backend.tests.test_qe_lifecycle_rules,test_the_live_mark_downstream_outdated_returns_the_accumulated_set,PASS,0.008,
F10-047,F10,backend,backend.tests.test_qe_lifecycle_rules,test_the_next_target_is_the_first_unfinished_phase,PASS,0.005,
F10-048,F10,backend,backend.tests.test_qe_lifecycle_rules,test_the_overview_counts_zero_stories_for_a_corrupt_file,PASS,0.007,
F10-049,F10,backend,backend.tests.test_qe_lifecycle_rules,test_the_overview_falls_back_to_a_generic_name_without_a_session,PASS,0.006,
F10-050,F10,backend,backend.tests.test_qe_lifecycle_rules,test_the_overview_reports_a_mysql_schema_as_mysql,PASS,0.006,
F10-051,F10,backend,backend.tests.test_qe_lifecycle_rules,test_the_overview_reports_a_pending_verdict_when_the_audit_cannot_run,PASS,0.006,
F10-052,F10,backend,backend.tests.test_qe_lifecycle_rules,test_the_quality_gate_verdict_and_finding_count_reach_the_summary,PASS,0.011,
F10-053,F10,backend,backend.tests.test_qe_lifecycle_rules,test_the_session_status_is_mirrored_into_the_pipeline_status[CANCELLED-CANCELLED],PASS,0.008,
F10-054,F10,backend,backend.tests.test_qe_lifecycle_rules,test_the_session_status_is_mirrored_into_the_pipeline_status[COMPLETED-COMPLETED],PASS,0.005,
F10-055,F10,backend,backend.tests.test_qe_lifecycle_rules,test_the_session_status_is_mirrored_into_the_pipeline_status[PAUSED-PAUSED],PASS,0.008,
F10-056,F10,backend,backend.tests.test_qe_lifecycle_rules,test_the_session_status_is_mirrored_into_the_pipeline_status[RUNNING-RUNNING],PASS,0.007,
F10-057,F10,backend,backend.tests.test_qe_lifecycle_rules,test_transitioning_an_unknown_session_returns_the_fresh_state,PASS,0.004,
F10-058,F10,backend,backend.tests.test_qe_lifecycle_rules,test_transitioning_to_a_phase_outside_the_order_is_allowed,PASS,0.008,
F10-059,F10,backend,backend.tests.test_qe_lifecycle_rules,test_two_failed_repairs_do_not_block_phase_five,PASS,0.006,
F10-060,F10,backend,backend.tests.test_qe_outdated_phases,test_a_completed_code_phase_needs_both_pom_and_src,PASS,0.006,
F10-061,F10,backend,backend.tests.test_qe_outdated_phases,test_a_first_pass_flags_nothing_outdated,PASS,0.007,
F10-062,F10,backend,backend.tests.test_qe_outdated_phases,test_a_later_modified_phase_does_not_flag_earlier_ones,PASS,0.007,
F10-063,F10,backend,backend.tests.test_qe_outdated_phases,test_an_unknown_phase_is_a_no_op,PASS,0.004,
F10-064,F10,backend,backend.tests.test_qe_outdated_phases,test_clearing_resets_the_flags,PASS,0.008,
F10-065,F10,backend,backend.tests.test_qe_outdated_phases,test_editing_requirements_after_architecture_was_built_flags_it,PASS,0.006,
F10-066,F10,backend,backend.tests.test_qe_outdated_phases,test_flags_for_artifacts_that_no_longer_exist_are_dropped,PASS,0.007,
F10-067,F10,backend,backend.tests.test_qe_outdated_phases,test_only_the_phases_after_the_modified_one_are_flagged,PASS,0.006,
F10-068,F10,backend,backend.tests.test_qe_outdated_phases,test_the_helper_agrees_with_the_workspace,PASS,0.006,
F10-069,F10,backend,backend.tests.test_qe_pipeline_autopilot,test_a_blocking_quality_gate_stops_before_devops_even_with_auto_deploy,PASS,1.503,
F10-070,F10,backend,backend.tests.test_qe_pipeline_autopilot,test_a_broken_event_broadcaster_does_not_stop_the_pipeline,PASS,1.897,
F10-071,F10,backend,backend.tests.test_qe_pipeline_autopilot,test_a_crash_in_a_step_fails_the_run_and_blocks_the_session,PASS,0.017,
F10-072,F10,backend,backend.tests.test_qe_pipeline_autopilot,test_a_default_reason_is_recorded_when_the_state_carries_none,PASS,0.010,
F10-073,F10,backend,backend.tests.test_qe_pipeline_autopilot,test_a_failed_schema_synthesis_falls_back_to_this_blueprints_own_ddl,PASS,1.886,
F10-074,F10,backend,backend.tests.test_qe_pipeline_autopilot,test_a_missing_instruction_set_fails_loudly_on_the_model_path,PASS,0.014,
F10-075,F10,backend,backend.tests.test_qe_pipeline_autopilot,test_a_missing_instruction_set_only_warns_on_the_deterministic_path,PASS,1.889,
F10-076,F10,backend,backend.tests.test_qe_pipeline_autopilot,test_a_pause_emits_its_own_event_and_keeps_the_progress_made,PASS,0.418,
F10-077,F10,backend,backend.tests.test_qe_pipeline_autopilot,test_a_progress_event_is_forwarded_with_its_aliases,PASS,0.004,
F10-078,F10,backend,backend.tests.test_qe_pipeline_autopilot,test_a_rejected_model_transform_blocks_instead_of_fabricating,PASS,0.003,
F10-079,F10,backend,backend.tests.test_qe_pipeline_autopilot,test_a_second_run_is_refused_while_one_is_alive,PASS,0.006,
F10-080,F10,backend,backend.tests.test_qe_pipeline_autopilot,test_a_session_that_cannot_be_marked_blocked_is_still_diagnosed[rollback-fails],PASS,0.003,
F10-081,F10,backend,backend.tests.test_qe_pipeline_autopilot,test_a_session_that_cannot_be_marked_blocked_is_still_diagnosed[rollback-ok],PASS,0.003,
F10-082,F10,backend,backend.tests.test_qe_pipeline_autopilot,test_a_short_spec_file_is_ignored_and_the_service_name_is_used,PASS,0.003,
F10-083,F10,backend,backend.tests.test_qe_pipeline_autopilot,test_an_ambiguous_api_key_blocks_the_session_instead_of_escaping,PASS,0.015,
F10-084,F10,backend,backend.tests.test_qe_pipeline_autopilot,test_an_entity_without_a_primary_key_gets_one,PASS,0.003,
F10-085,F10,backend,backend.tests.test_qe_pipeline_autopilot,test_an_existing_spec_file_is_used_as_the_prompt,PASS,0.003,
F10-086,F10,backend,backend.tests.test_qe_pipeline_autopilot,test_an_idle_stream_ends_once_the_run_is_over[AWAITING_INTERVENTION],PASS,0.005,
F10-087,F10,backend,backend.tests.test_qe_pipeline_autopilot,test_an_idle_stream_ends_once_the_run_is_over[COMPLETED],PASS,0.004,
F10-088,F10,backend,backend.tests.test_qe_pipeline_autopilot,test_an_idle_stream_ends_once_the_run_is_over[FAILED],PASS,0.005,
F10-089,F10,backend,backend.tests.test_qe_pipeline_autopilot,test_an_idle_stream_ends_once_the_run_is_over[PAUSED],PASS,0.004,
F10-090,F10,backend,backend.tests.test_qe_pipeline_autopilot,test_an_idle_stream_keeps_heartbeating_while_the_run_is_alive,PASS,0.004,
F10-091,F10,backend,backend.tests.test_qe_pipeline_autopilot,test_an_unreadable_spec_file_falls_back_to_the_service_name,PASS,1.939,
F10-092,F10,backend,backend.tests.test_qe_pipeline_autopilot,test_auto_deploy_asks_for_the_local_deployment,PASS,1.887,
F10-093,F10,backend,backend.tests.test_qe_pipeline_autopilot,test_auto_deploy_is_skipped_when_not_requested,PASS,1.890,
F10-094,F10,backend,backend.tests.test_qe_pipeline_autopilot,test_cancel_marks_the_row_signals_the_threads_and_emits_an_event,PASS,0.013,
F10-095,F10,backend,backend.tests.test_qe_pipeline_autopilot,test_cancelling_before_the_first_step_marks_the_run_cancelled,PASS,0.014,
F10-096,F10,backend,backend.tests.test_qe_pipeline_autopilot,test_credentials_are_replayed_from_memory_when_a_run_omits_them,PASS,0.007,
F10-097,F10,backend,backend.tests.test_qe_pipeline_autopilot,test_deterministic_architecture_is_derived_per_entity,PASS,1.891,
F10-098,F10,backend,backend.tests.test_qe_pipeline_autopilot,test_exhausted_stages_block_the_session_and_record_the_evidence,PASS,0.837,
F10-099,F10,backend,backend.tests.test_qe_pipeline_autopilot,test_force_starts_a_run_even_while_another_is_alive,PASS,0.008,
F10-100,F10,backend,backend.tests.test_qe_pipeline_autopilot,test_pause_switches_the_session_to_guided_step,PASS,0.008,
F10-101,F10,backend,backend.tests.test_qe_pipeline_autopilot,test_pausing_a_session_that_was_never_started_reports_whether_it_is_paused,PASS,0.005,
F10-102,F10,backend,backend.tests.test_qe_pipeline_autopilot,test_pausing_after_a_step_stops_before_the_next_one[ARCHITECTURE],PASS,0.623,
F10-103,F10,backend,backend.tests.test_qe_pipeline_autopilot,test_pausing_after_a_step_stops_before_the_next_one[CODE_TESTS],PASS,1.039,
F10-104,F10,backend,backend.tests.test_qe_pipeline_autopilot,test_pausing_after_a_step_stops_before_the_next_one[DATA_MODEL],PASS,0.833,
F10-105,F10,backend,backend.tests.test_qe_pipeline_autopilot,test_pausing_after_a_step_stops_before_the_next_one[REQUIREMENTS],PASS,0.214,
F10-106,F10,backend,backend.tests.test_qe_pipeline_autopilot,test_pausing_after_a_step_stops_before_the_next_one[SECURITY_AUDIT],PASS,1.900,
F10-107,F10,backend,backend.tests.test_qe_pipeline_autopilot,test_pausing_after_a_step_stops_before_the_next_one[STORIES],PASS,0.420,
F10-108,F10,backend,backend.tests.test_qe_pipeline_autopilot,test_resume_replays_the_session_credentials_and_waits_for_the_old_thread,PASS,0.208,
F10-109,F10,backend,backend.tests.test_qe_pipeline_autopilot,test_starting_a_run_marks_the_session_running_and_auto_pilot,PASS,0.006,
F10-110,F10,backend,backend.tests.test_qe_pipeline_autopilot,test_the_blocked_session_is_marked_and_diagnosed,PASS,0.008,
F10-111,F10,backend,backend.tests.test_qe_pipeline_autopilot,test_the_gate_can_be_ignored_when_the_operator_asks,PASS,1.885,
F10-112,F10,backend,backend.tests.test_qe_pipeline_autopilot,test_the_stream_closes_after_a_blocked_event,PASS,0.005,
F10-113,F10,backend,backend.tests.test_qe_pipeline_autopilot,test_the_stream_closes_after_a_completion_event,PASS,0.004,
F10-114,F10,backend,backend.tests.test_qe_pipeline_autopilot,test_the_stream_opens_with_a_connect_frame,PASS,0.005,
F10-115,F10,backend,backend.tests.test_qe_session_surface,test_a_blocked_run_is_persisted_and_diagnosed,PASS,0.019,
F10-116,F10,backend,backend.tests.test_qe_session_surface,test_a_broadcast_event_carries_a_string_id_and_the_event_name_twice,PASS,0.003,
F10-117,F10,backend,backend.tests.test_qe_session_surface,test_a_completed_run_records_verified_and_reports_the_substituted_verification,PASS,0.018,
F10-118,F10,backend,backend.tests.test_qe_session_surface,test_a_completed_run_with_a_real_verification_reports_no_fallback,PASS,0.020,
F10-119,F10,backend,backend.tests.test_qe_session_surface,test_a_completed_session_is_listed_at_one_hundred_percent,PASS,0.011,
F10-120,F10,backend,backend.tests.test_qe_session_surface,test_a_crash_inside_the_graph_still_terminates_the_session,PASS,0.018,
F10-121,F10,backend,backend.tests.test_qe_session_surface,test_a_dead_subscriber_does_not_break_the_broadcast_to_the_living_one,PASS,0.003,
F10-122,F10,backend,backend.tests.test_qe_session_surface,test_a_disconnected_client_is_unsubscribed,PASS,0.057,
F10-123,F10,backend,backend.tests.test_qe_session_surface,test_a_failing_lifecycle_calculation_does_not_break_the_session_list,PASS,0.007,
F10-124,F10,backend,backend.tests.test_qe_session_surface,test_a_live_event_reaches_a_connected_stream_after_the_replay,PASS,1.008,
F10-125,F10,backend,backend.tests.test_qe_session_surface,test_a_missing_metrics_column_reports_no_fallback,PASS,0.002,
F10-126,F10,backend,backend.tests.test_qe_session_surface,test_a_missing_session_row_reports_no_fallback,PASS,0.003,
F10-127,F10,backend,backend.tests.test_qe_session_surface,test_a_repair_beyond_the_limit_is_reported_as_blocked,PASS,0.020,
F10-128,F10,backend,backend.tests.test_qe_session_surface,test_a_row_that_rejects_assignment_does_not_break_the_session,PASS,0.002,
F10-129,F10,backend,backend.tests.test_qe_session_surface,test_a_session_with_no_artifacts_is_listed_at_zero_percent,PASS,0.011,
F10-130,F10,backend,backend.tests.test_qe_session_surface,test_a_subscriber_on_a_running_loop_is_notified_thread_safely,PASS,0.002,
F10-131,F10,backend,backend.tests.test_qe_session_surface,test_a_subscriber_without_a_loop_is_written_to_directly,PASS,0.002,
F10-132,F10,backend,backend.tests.test_qe_session_surface,test_an_explicit_event_field_is_not_overwritten,PASS,0.002,
F10-133,F10,backend,backend.tests.test_qe_session_surface,test_an_idle_stream_emits_a_keepalive,PASS,1.008,
F10-134,F10,backend,backend.tests.test_qe_session_surface,test_an_unloadable_instruction_set_does_not_break_the_offline_path,PASS,0.017,
F10-135,F10,backend,backend.tests.test_qe_session_surface,test_cancelling_a_session_marks_it_cancelled_and_frees_its_slot,PASS,0.019,
F10-136,F10,backend,backend.tests.test_qe_session_surface,test_cancelling_an_unknown_session_is_a_404,PASS,0.003,
F10-137,F10,backend,backend.tests.test_qe_session_surface,test_corrupt_metrics_degrade_to_no_fallback,PASS,0.002,
F10-138,F10,backend,backend.tests.test_qe_session_surface,test_diagnostics_delegate_to_the_single_writer,PASS,0.002,
F10-139,F10,backend,backend.tests.test_qe_session_surface,test_empty_metrics_report_no_fallback,PASS,0.002,
F10-140,F10,backend,backend.tests.test_qe_session_surface,test_event_ids_increase_within_a_session,PASS,0.003,
F10-141,F10,backend,backend.tests.test_qe_session_surface,test_listing_sessions_never_mutates_the_session_row,PASS,0.032,
F10-142,F10,backend,backend.tests.test_qe_session_surface,test_metrics_that_are_not_an_object_degrade_to_no_fallback,PASS,0.003,
F10-143,F10,backend,backend.tests.test_qe_session_surface,test_persisted_fallback_metrics_are_read_back_as_true,PASS,0.002,
F10-144,F10,backend,backend.tests.test_qe_session_surface,test_persisted_real_verification_is_read_back_as_false,PASS,0.002,
F10-145,F10,backend,backend.tests.test_qe_session_surface,test_persisting_metrics_writes_the_json_that_the_reader_expects,PASS,0.002,
F10-146,F10,backend,backend.tests.test_qe_session_surface,test_persisting_without_a_row_is_a_no_op,PASS,0.002,
F10-147,F10,backend,backend.tests.test_qe_session_surface,test_persisting_without_metrics_leaves_the_row_untouched,PASS,0.002,
F10-148,F10,backend,backend.tests.test_qe_session_surface,test_quick_start_accepts_prompt_as_an_alias_and_sets_auto_pilot,PASS,0.004,
F10-149,F10,backend,backend.tests.test_qe_session_surface,test_quick_start_creates_a_requirements_session_without_running_it,PASS,0.007,
F10-150,F10,backend,backend.tests.test_qe_session_surface,test_quick_start_with_an_empty_name_falls_back_to_the_default,PASS,0.004,
F10-151,F10,backend,backend.tests.test_qe_session_surface,test_quick_start_without_a_name_uses_a_stable_default,PASS,0.004,
F10-152,F10,backend,backend.tests.test_qe_session_surface,test_quick_start_without_any_text_writes_no_spec_file,PASS,0.004,
F10-153,F10,backend,backend.tests.test_qe_session_surface,test_quick_start_writes_the_prompt_into_the_workspace_spec,PASS,0.004,
F10-154,F10,backend,backend.tests.test_qe_session_surface,test_reading_a_session_surfaces_the_persisted_fallback_flag,PASS,0.006,
F10-155,F10,backend,backend.tests.test_qe_session_surface,test_reading_a_session_without_metrics_reports_no_fallback,PASS,0.005,
F10-156,F10,backend,backend.tests.test_qe_session_surface,test_reading_an_unknown_session_is_a_404,PASS,0.004,
F10-157,F10,backend,backend.tests.test_qe_session_surface,test_streaming_an_unknown_session_is_a_404,PASS,0.005,
F10-158,F10,backend,backend.tests.test_qe_session_surface,test_the_generation_state_is_kept_for_inspection,PASS,0.019,
F10-159,F10,backend,backend.tests.test_qe_session_surface,test_the_instruction_revision_is_recorded_when_the_set_loads,PASS,0.017,
F10-160,F10,backend,backend.tests.test_qe_session_surface,test_the_limit_is_respected,PASS,0.011,
F10-161,F10,backend,backend.tests.test_qe_session_surface,test_the_pipeline_streams_phase_transitions_logs_and_verification,PASS,0.020,
F10-162,F10,backend,backend.tests.test_qe_session_surface,test_the_stream_replays_history_then_cleans_up_the_subscriber,PASS,0.009,
F10-163,F10,backend,backend.tests.test_qe_session_surface,test_the_test_node_announces_test_synthesis,PASS,0.020,
F10-164,F10,backend,backend.tests.test_qe_session_surface,test_the_worker_slot_is_released_even_when_the_run_crashes,PASS,0.018,
F10-165,F10,backend,backend.tests.test_routes_orchestrator,test_export_bundle_endpoint,PASS,0.027,
F10-166,F10,backend,backend.tests.test_routes_orchestrator,test_get_lifecycle_endpoint,PASS,0.016,
F10-167,F10,backend,backend.tests.test_routes_orchestrator,test_get_overview_endpoint,PASS,0.088,
F10-168,F10,backend,backend.tests.test_routes_orchestrator,test_invalidation_and_resync_flow,PASS,0.060,
F10-169,F10,backend,backend.tests.test_routes_orchestrator,test_pipeline_cancel_endpoints,PASS,0.038,
F10-170,F10,backend,backend.tests.test_routes_orchestrator,test_pipeline_run_and_pause_endpoints,PASS,0.028,
F10-171,F10,backend,backend.tests.test_routes_orchestrator,test_pipeline_run_with_new_session,PASS,0.017,
F10-172,F10,backend,backend.tests.test_routes_orchestrator,test_transition_phase_endpoint,PASS,0.025,
F10-173,F10,backend,backend.tests.test_routes_session,test_broadcast_session_event_string_id,PASS,0.003,
F10-174,F10,backend,backend.tests.test_routes_session,test_create_session_not_found,PASS,0.007,
F10-175,F10,backend,backend.tests.test_routes_session,test_create_session_success,PASS,10.096,
F10-176,F10,backend,backend.tests.test_routes_session,test_get_session_by_id,PASS,9.287,
F10-177,F10,backend,backend.tests.test_sessions_api,test_list_sessions_endpoint,PASS,0.076,
F10-178,F10,backend,backend.tests.test_sessions_api,test_quick_start_session_default_name,PASS,0.009,
F10-179,F10,backend,backend.tests.test_sessions_api,test_quick_start_session_endpoint,PASS,0.011,
F10-180,F10,backend,backend.tests.test_sessions_api,test_quick_start_session_with_auto_run,PASS,0.013,
F11-001,F11,backend,backend.tests.test_cost_mlflow_mirror,test_a_mirror_that_raises_is_a_non_event,PASS,0.002,
F11-002,F11,backend,backend.tests.test_cost_mlflow_mirror,test_a_session_cost_record_is_mirrored_through_the_same_non_event_path,PASS,0.002,
F11-003,F11,backend,backend.tests.test_cost_mlflow_mirror,test_an_operator_override_of_the_transport_bound_is_respected,PASS,0.002,
F11-004,F11,backend,backend.tests.test_cost_mlflow_mirror,test_an_unreachable_destination_is_bounded_rather_than_left_at_the_library_default,PASS,0.002,
F11-005,F11,backend,backend.tests.test_cost_mlflow_mirror,test_the_absent_library_returns_false_and_does_not_raise,PASS,0.002,
F11-006,F11,backend,backend.tests.test_cost_mlflow_mirror,test_the_experiment_name_is_configurable,PASS,0.002,
F11-007,F11,backend,backend.tests.test_cost_mlflow_mirror,test_the_local_store_is_written_even_when_the_mirror_is_absent,PASS,0.004,
F11-008,F11,backend,backend.tests.test_cost_mlflow_mirror,test_the_mirror_groups_runs_in_a_named_experiment,PASS,0.002,
F11-009,F11,backend,backend.tests.test_cost_mlflow_mirror,test_the_mirror_never_forwards_a_credential,PASS,0.002,
F11-010,F11,backend,backend.tests.test_cost_pricing,test_a_malformed_entry_is_a_load_error_not_a_silent_skip,PASS,0.002,
F11-011,F11,backend,backend.tests.test_cost_pricing,test_a_partial_cache_hit_splits_the_prompt,PASS,0.002,
F11-012,F11,backend,backend.tests.test_cost_pricing,test_a_table_violating_the_published_relationship_fails_to_load,PASS,0.003,
F11-013,F11,backend,backend.tests.test_cost_pricing,test_an_uncited_table_fails_to_load,PASS,0.002,
F11-014,F11,backend,backend.tests.test_cost_pricing,test_an_unknown_model_is_unpriced_never_zero,PASS,0.002,
F11-015,F11,backend,backend.tests.test_cost_pricing,test_cache_hit_input_is_priced_at_the_hit_rate_not_the_miss_rate,PASS,0.002,
F11-016,F11,backend,backend.tests.test_cost_pricing,test_identical_calls_inside_and_outside_peak_differ_by_the_published_ratio,PASS,0.002,
F11-017,F11,backend,backend.tests.test_cost_pricing,test_missing_cache_breakdown_is_priced_as_a_cache_miss,PASS,0.002,
F11-018,F11,backend,backend.tests.test_cost_pricing,test_off_peak_is_exactly_half_of_peak,PASS,0.002,
F11-019,F11,backend,backend.tests.test_cost_pricing,test_output_tokens_are_priced_at_the_output_rate,PASS,0.002,
F11-020,F11,backend,backend.tests.test_cost_pricing,test_peak_window_is_computed_from_the_calls_own_timestamp,PASS,0.002,
F11-021,F11,backend,backend.tests.test_cost_pricing,test_seeded_rates_match_the_published_page,PASS,0.002,
F11-022,F11,backend,backend.tests.test_cost_pricing,test_the_table_cites_its_source,PASS,0.002,
F11-023,F11,backend,backend.tests.test_cost_pricing,test_unknown_usage_is_unpriced_never_zero,PASS,0.002,
F11-024,F11,backend,backend.tests.test_cost_recording,test_a_call_through_the_stage_boundary_is_recorded_end_to_end,PASS,0.030,
F11-025,F11,backend,backend.tests.test_cost_recording,test_a_deterministic_session_records_nothing,PASS,0.004,
F11-026,F11,backend,backend.tests.test_cost_recording,test_ainvoke_delegates_to_the_sync_entry_point[asyncio],PASS,0.005,
F11-027,F11,backend,backend.tests.test_cost_recording,test_ainvoke_on_a_sync_only_client_is_recorded[asyncio],PASS,0.006,
F11-028,F11,backend,backend.tests.test_cost_recording,test_every_invocation_is_recorded_including_a_correction,PASS,0.012,
F11-029,F11,backend,backend.tests.test_cost_recording,test_no_credential_is_recorded,PASS,0.010,
F11-030,F11,backend,backend.tests.test_cost_recording,test_required_fields_are_present,PASS,0.010,
F11-031,F11,backend,backend.tests.test_cost_recording,test_ten_real_sessions_produce_priced_records,SKIP,0.002,set AGENTIA_RUN_REAL_COST_TRACING=1 and provide DEEPSEEK_API_KEY to spend real tokens
F11-032,F11,backend,backend.tests.test_cost_recording,test_the_fake_still_reports_no_usage_by_default,PASS,0.002,
F11-033,F11,backend,backend.tests.test_cost_recording,test_unknown_usage_is_recorded_not_dropped_and_not_zero,PASS,0.009,
F11-034,F11,backend,backend.tests.test_cost_report,test_a_record_with_no_identity_is_rejected_not_stored,PASS,0.003,
F11-035,F11,backend,backend.tests.test_cost_report,test_a_session_with_no_calls_is_deterministic_not_zero_cost,PASS,0.004,
F11-036,F11,backend,backend.tests.test_cost_report,test_an_unpriced_session_is_reported_as_unknown_not_free,PASS,0.004,
F11-037,F11,backend,backend.tests.test_cost_report,test_completed_for_costing_requires_a_genuine_verification,PASS,0.006,
F11-038,F11,backend,backend.tests.test_cost_report,test_cost_is_null_when_no_call_had_a_known_cost,PASS,0.005,
F11-039,F11,backend,backend.tests.test_cost_report,test_headline_excludes_fallback_marked_and_offline_sessions,PASS,0.021,
F11-040,F11,backend,backend.tests.test_cost_report,test_insertion_order_does_not_change_the_report,PASS,0.010,
F11-041,F11,backend,backend.tests.test_cost_report,test_no_data_is_stated_in_words_not_reported_as_zero,PASS,0.003,
F11-042,F11,backend,backend.tests.test_cost_report,test_no_eligible_population_is_stated_rather_than_a_zero_average,PASS,0.006,
F11-043,F11,backend,backend.tests.test_cost_report,test_re_aggregation_overwrites_rather_than_double_counts,PASS,0.007,
F11-044,F11,backend,backend.tests.test_cost_report,test_report_prints_every_required_line,PASS,0.011,
F11-045,F11,backend,backend.tests.test_cost_report,test_the_most_expensive_stage_is_named,PASS,0.006,
F11-046,F11,backend,backend.tests.test_cost_report,test_the_report_is_byte_identical_across_runs,PASS,0.012,
F11-047,F11,backend,backend.tests.test_cost_report,test_totals_equal_the_sum_over_the_sessions_calls,PASS,0.005,
F11-048,F11,backend,backend.tests.test_cost_report,test_unknown_usage_contributes_nothing_and_is_counted,PASS,0.005,
F11-049,F11,backend,backend.tests.test_cost_seam,test_a_real_factory_call_still_returns_the_concrete_provider_client,PASS,0.002,
F11-050,F11,backend,backend.tests.test_cost_seam,test_no_recording_context_means_no_wrapping,PASS,0.002,
F11-051,F11,backend,backend.tests.test_cost_seam,test_the_monkeypatched_fake_path_never_reaches_the_wrapper,PASS,0.002,
F11-052,F11,backend,backend.tests.test_cost_seam,test_the_wrapper_delegates_attribute_access,PASS,0.007,
F11-053,F11,backend,backend.tests.test_cost_seam,test_the_wrapping_condition_is_recording_not_test_presence,PASS,0.002,
F11-054,F11,backend,backend.tests.test_qe_mlflow_tracing,test_a_failed_enable_says_why,PASS,0.027,
F11-055,F11,backend,backend.tests.test_qe_mlflow_tracing,test_a_second_enable_is_a_no_op,PASS,0.002,
F11-056,F11,backend,backend.tests.test_qe_mlflow_tracing,test_health_reports_the_telemetry_state,PASS,0.011,
F11-057,F11,backend,backend.tests.test_qe_mlflow_tracing,test_tracing_is_off_when_the_library_is_absent,PASS,0.003,
F12-001,F12,backend,backend.tests.test_qe_playground_proxy,test_a_disallowed_method_is_refused_before_any_socket_opens,PASS,0.002,
F12-002,F12,backend,backend.tests.test_qe_playground_proxy,test_a_hostile_path_is_refused[absolute_url],PASS,0.003,
F12-003,F12,backend,backend.tests.test_qe_playground_proxy,test_a_hostile_path_is_refused[backslash],PASS,0.003,
F12-004,F12,backend,backend.tests.test_qe_playground_proxy,test_a_hostile_path_is_refused[blank],PASS,0.002,
F12-005,F12,backend,backend.tests.test_qe_playground_proxy,test_a_hostile_path_is_refused[credentials],PASS,0.002,
F12-006,F12,backend,backend.tests.test_qe_playground_proxy,test_a_hostile_path_is_refused[empty],PASS,0.003,
F12-007,F12,backend,backend.tests.test_qe_playground_proxy,test_a_hostile_path_is_refused[newline_injection],PASS,0.003,
F12-008,F12,backend,backend.tests.test_qe_playground_proxy,test_a_hostile_path_is_refused[no_leading_slash],PASS,0.003,
F12-009,F12,backend,backend.tests.test_qe_playground_proxy,test_a_hostile_path_is_refused[scheme_relative],PASS,0.002,
F12-010,F12,backend,backend.tests.test_qe_playground_proxy,test_a_hostile_path_is_refused[traversal_encoded],PASS,0.002,
F12-011,F12,backend,backend.tests.test_qe_playground_proxy,test_a_hostile_path_is_refused[traversal_literal],PASS,0.003,
F12-012,F12,backend,backend.tests.test_qe_playground_proxy,test_a_hostile_path_is_refused[traversal_upper_encoded],PASS,0.004,
F12-013,F12,backend,backend.tests.test_qe_playground_proxy,test_a_hostile_path_is_refused[whitespace],PASS,0.003,
F12-014,F12,backend,backend.tests.test_qe_playground_proxy,test_a_missing_workspace_is_not_an_error,PASS,0.003,
F12-015,F12,backend,backend.tests.test_qe_playground_proxy,test_a_non_json_body_is_returned_as_text,PASS,0.003,
F12-016,F12,backend,backend.tests.test_qe_playground_proxy,test_a_real_response_is_returned_with_its_status,PASS,0.002,
F12-017,F12,backend,backend.tests.test_qe_playground_proxy,test_a_timeout_is_reported_as_such,PASS,0.002,
F12-018,F12,backend,backend.tests.test_qe_playground_proxy,test_an_omitted_method_defaults_to_get,PASS,0.002,
F12-019,F12,backend,backend.tests.test_qe_playground_proxy,test_an_ordinary_path_is_accepted_unchanged[/actuator/health],PASS,0.003,
F12-020,F12,backend,backend.tests.test_qe_playground_proxy,test_an_ordinary_path_is_accepted_unchanged[/api/v1/customers/42],PASS,0.003,
F12-021,F12,backend,backend.tests.test_qe_playground_proxy,test_an_ordinary_path_is_accepted_unchanged[/api/v1/customers?page=1&size=10],PASS,0.003,
F12-022,F12,backend,backend.tests.test_qe_playground_proxy,test_an_ordinary_path_is_accepted_unchanged[/api/v1/customers],PASS,0.003,
F12-023,F12,backend,backend.tests.test_qe_playground_proxy,test_an_ordinary_path_is_accepted_unchanged[/api/v1/tickets/1/status],PASS,0.003,
F12-024,F12,backend,backend.tests.test_qe_playground_proxy,test_an_oversized_response_is_truncated,PASS,0.003,
F12-025,F12,backend,backend.tests.test_qe_playground_proxy,test_an_unreachable_service_is_reported_as_such,PASS,0.002,
F12-026,F12,backend,backend.tests.test_qe_playground_proxy,test_client_headers_are_not_forwarded,PASS,0.002,
F12-027,F12,backend,backend.tests.test_qe_playground_proxy,test_no_controllers_means_no_resources_rather_than_a_guess,PASS,0.002,
F12-028,F12,backend,backend.tests.test_qe_playground_proxy,test_resources_are_read_from_the_generated_controllers,PASS,0.004,
F12-029,F12,backend,backend.tests.test_qe_playground_proxy,test_the_host_comes_from_the_deployment_not_the_request,PASS,0.004,
F12-030,F12,backend,backend.tests.test_qe_playground_proxy,test_the_port_is_read_per_session,PASS,0.003,
F12-031,F12,backend,backend.tests.test_qe_playground_targeting,test_a_deployed_session_uses_its_own_published_port,PASS,0.003,
F12-032,F12,backend,backend.tests.test_qe_playground_targeting,test_a_deployment_without_a_published_port_is_refused,PASS,0.002,
F12-033,F12,backend,backend.tests.test_qe_playground_targeting,test_an_undeployed_session_refuses_instead_of_using_the_shared_port,PASS,0.003,
F12-034,F12,backend,backend.tests.test_qe_playground_targeting,test_the_route_reports_a_refusal_as_400_not_500,PASS,0.014,
F2-001,F2,backend,backend.tests.test_requirements_service,test_entity_extraction_types_and_primary_key,PASS,0.002,
F2-002,F2,backend,backend.tests.test_requirements_service,test_markdown_serialization_spec_kit_compatibility,PASS,0.003,
F2-003,F2,backend,backend.tests.test_requirements_service,test_refine_specification_mock_mode,PASS,0.002,
F2-004,F2,backend,backend.tests.test_requirements_service,test_transform_requirements_mock_mode,PASS,0.003,
F2-005,F2,backend,backend.tests.test_routes_requirements,test_handoff_transformed_draft_to_specifications_pipeline,PASS,0.015,
F2-006,F2,backend,backend.tests.test_routes_requirements,test_refine_requirements_global_feedback,PASS,0.009,
F2-007,F2,backend,backend.tests.test_routes_requirements,test_refine_requirements_target_story,PASS,0.008,
F2-008,F2,backend,backend.tests.test_routes_requirements,test_transform_requirements_missing_api_key_returns_401,PASS,0.008,
F2-009,F2,backend,backend.tests.test_routes_requirements,test_transform_requirements_success_with_header_key,PASS,0.008,
F2-010,F2,backend,backend.tests.test_routes_requirements,test_transform_requirements_success_with_payload_key,PASS,0.009,
F2-011,F2,backend,backend.tests.test_routes_requirements,test_transform_requirements_too_short_text_returns_400,PASS,0.007,
F2-012,F2,backend,backend.tests.test_routes_requirements,test_transform_requirements_with_explicit_provider_gemini,PASS,0.013,
F2-013,F2,backend,backend.tests.test_routes_requirements,test_transform_requirements_with_provider_header_groq,PASS,0.009,
F3-001,F3,backend,backend.tests.test_architecture_profile_contracts,test_hexagonal_application_service_is_accepted,PASS,0.002,
F3-002,F3,backend,backend.tests.test_architecture_profile_contracts,test_hexagonal_contract_replaces_layered_default,PASS,0.002,
F3-003,F3,backend,backend.tests.test_architecture_profile_contracts,test_layered_service_is_rejected_for_hexagonal_profile,PASS,0.004,
F3-004,F3,backend,backend.tests.test_architecture_profile_contracts,test_maven_cannot_replace_requested_gradle,PASS,0.002,
F3-005,F3,backend,backend.tests.test_architecture_service,test_mock_key_refuses_to_fabricate_architecture,PASS,0.002,
F3-006,F3,backend,backend.tests.test_architecture_service,test_no_client_refuses_to_fabricate_architecture,PASS,0.002,
F3-007,F3,backend,backend.tests.test_routes_architecture,test_design_architecture_missing_api_key_returns_401,PASS,0.009,
F3-008,F3,backend,backend.tests.test_routes_architecture,test_design_architecture_mock_key_refused,PASS,0.008,
F3-009,F3,backend,backend.tests.test_routes_architecture,test_handoff_architecture_design_mock_key_refused,PASS,0.009,
F3-010,F3,backend,backend.tests.test_routes_architecture,test_refine_architecture_mock_key_refused,PASS,0.008,
F4-001,F4,backend,backend.tests.test_model_sql_service,test_generate_java_entity_source,PASS,0.002,
F4-002,F4,backend,backend.tests.test_model_sql_service,test_generate_mermaid_er_diagram,PASS,0.002,
F4-003,F4,backend,backend.tests.test_model_sql_service,test_generate_schema_sql_syntax_and_constraints,PASS,0.002,
F4-004,F4,backend,backend.tests.test_model_sql_service,test_generate_seed_data_sql_inserts,PASS,0.002,
F4-005,F4,backend,backend.tests.test_model_sql_service,test_refine_domain_models_updates_schema,PASS,0.003,
F4-006,F4,backend,backend.tests.test_model_sql_service,test_synthesize_domain_models_primary_key_and_audit,PASS,0.003,
F4-007,F4,backend,backend.tests.test_qe_schema_consistency,test_a_blueprint_with_no_entities_says_so,PASS,0.002,
F4-008,F4,backend,backend.tests.test_qe_schema_consistency,test_a_consistent_schema_reports_nothing,PASS,0.002,
F4-009,F4,backend,backend.tests.test_qe_schema_consistency,test_a_schema_that_omits_the_entity_table_is_reported,PASS,0.007,
F4-010,F4,backend,backend.tests.test_qe_schema_consistency,test_a_schema_with_no_create_statements_is_not_flagged,PASS,0.002,
F4-011,F4,backend,backend.tests.test_qe_schema_consistency,test_an_entity_with_no_attributes_cannot_be_constructed,PASS,0.002,
F4-012,F4,backend,backend.tests.test_qe_schema_consistency,test_an_entity_without_an_explicit_table_name_is_not_flagged,PASS,0.002,
F4-013,F4,backend,backend.tests.test_qe_schema_consistency,test_no_schema_file_means_nothing_to_compare,PASS,0.002,
F4-014,F4,backend,backend.tests.test_qe_schema_consistency,"test_the_annotation_is_matched_regardless_of_quoting_or_spacing[@Table( name = ""orders"" )]",PASS,0.003,
F4-015,F4,backend,backend.tests.test_qe_schema_consistency,"test_the_annotation_is_matched_regardless_of_quoting_or_spacing[@Table(name = ""orders"")]",PASS,0.003,
F4-016,F4,backend,backend.tests.test_qe_schema_consistency,test_the_annotation_is_matched_regardless_of_quoting_or_spacing[@Table(name='orders')],PASS,0.003,
F4-017,F4,backend,backend.tests.test_qe_schema_consistency,test_the_fallback_covers_every_entity,PASS,0.002,
F4-018,F4,backend,backend.tests.test_qe_schema_consistency,test_the_fallback_derives_the_table_from_the_blueprint,PASS,0.003,
F4-019,F4,backend,backend.tests.test_qe_schema_consistency,test_the_rule_is_accumulated_not_local,PASS,0.003,
F4-020,F4,backend,backend.tests.test_qe_schema_consistency,test_the_rule_reaches_the_diagnostic_report,PASS,0.003,
F4-021,F4,backend,backend.tests.test_qe_schema_consistency,test_the_synthesis_response_exposes_the_attributes_the_pipeline_reads,PASS,0.003,
F4-022,F4,backend,backend.tests.test_qe_slice_test_emission,test_a_data_jpa_slice_is_emitted_per_entity,PASS,0.012,
F4-023,F4,backend,backend.tests.test_qe_slice_test_emission,test_a_genuine_prohibited_lombok_annotation_is_still_caught,PASS,0.004,
F4-024,F4,backend,backend.tests.test_qe_slice_test_emission,test_a_web_mvc_slice_is_emitted_per_entity,PASS,0.004,
F4-025,F4,backend,backend.tests.test_qe_slice_test_emission,test_an_entity_with_an_unsupported_attribute_type_skips_the_slice_test,PASS,0.003,
F4-026,F4,backend,backend.tests.test_qe_slice_test_emission,test_data_jpa_test_is_not_reported_as_a_prohibited_lombok_annotation,PASS,0.013,
F4-027,F4,backend,backend.tests.test_qe_slice_test_emission,test_the_mockbean_style_matches_the_spring_boot_version,PASS,0.003,
F4-028,F4,backend,backend.tests.test_qe_slice_test_emission,test_the_web_slice_targets_the_path_the_controller_declares,PASS,0.006,
F4-029,F4,backend,backend.tests.test_routes_models_sql,test_generate_models_endpoint_success,PASS,0.010,
F4-030,F4,backend,backend.tests.test_routes_models_sql,test_generate_models_missing_api_key_401,PASS,0.009,
F4-031,F4,backend,backend.tests.test_routes_models_sql,test_handoff_to_specifications_store,PASS,0.016,
F4-032,F4,backend,backend.tests.test_routes_models_sql,test_refine_models_endpoint_success,PASS,0.016,
F4-033,F4,backend,backend.tests.test_schema_column_consistency,test_a_bare_field_is_not_checked_because_the_naming_strategy_decides_it,PASS,0.003,
F4-034,F4,backend,backend.tests.test_schema_column_consistency,test_a_consistent_schema_and_entity_produce_no_finding,PASS,0.003,
F4-035,F4,backend,backend.tests.test_schema_column_consistency,test_an_entity_with_an_id_and_a_table_without_a_primary_key_is_reported,PASS,0.003,
F4-036,F4,backend,backend.tests.test_schema_column_consistency,test_an_explicitly_mapped_column_missing_from_the_table_is_reported,PASS,0.003,
F4-037,F4,backend,backend.tests.test_schema_column_consistency,test_an_unmapped_entity_is_left_to_the_table_name_rule,PASS,0.003,
F4-038,F4,backend,backend.tests.test_schema_column_consistency,test_diagnose_reports_both_mismatch_kinds_through_one_entry_point,PASS,0.003,
F4-039,F4,backend,backend.tests.test_schema_column_consistency,test_the_finding_is_accumulated_so_it_survives_into_a_saved_artifact_set,PASS,0.003,
F5-001,F5,backend,backend.tests.test_code_generation_module,test_api_artifact_listing_and_export_zip,PASS,9.413,
F5-002,F5,backend,backend.tests.test_code_generation_module,test_complete_langgraph_generation_graph,PASS,0.061,
F5-003,F5,backend,backend.tests.test_code_generation_module,test_controller_node_generates_controllers_and_advice,PASS,0.007,
F5-004,F5,backend,backend.tests.test_code_generation_module,test_domain_node_generates_jpa_entities_and_record_dtos,PASS,0.007,
F5-005,F5,backend,backend.tests.test_code_generation_module,test_repair_node_stops_after_3_attempts,PASS,0.002,
F5-006,F5,backend,backend.tests.test_code_generation_module,test_scaffolder_node_generates_maven_archetype,PASS,0.006,
F5-007,F5,backend,backend.tests.test_code_generation_module,test_service_node_generates_repositories_and_services,PASS,0.007,
F5-008,F5,backend,backend.tests.test_code_generation_module,test_test_node_generates_mockito_and_web_tests,PASS,0.006,
F5-009,F5,backend,backend.tests.test_code_generation_module,test_validator_fails_gracefully_when_no_entities,PASS,0.009,
F5-010,F5,backend,backend.tests.test_qe_generated_code_fixes,test_a_correct_entity_is_returned_byte_identical,PASS,0.002,
F5-011,F5,backend,backend.tests.test_qe_generated_code_fixes,test_a_correct_test_file_is_byte_identical,PASS,0.002,
F5-012,F5,backend,backend.tests.test_qe_generated_code_fixes,test_a_deterministic_template_is_left_alone,PASS,0.003,
F5-013,F5,backend,backend.tests.test_qe_generated_code_fixes,test_a_file_without_the_advice_is_ignored,PASS,0.003,
F5-014,F5,backend,backend.tests.test_qe_generated_code_fixes,test_a_genuine_required_field_keeps_its_not_null,PASS,0.002,
F5-015,F5,backend,backend.tests.test_qe_generated_code_fixes,test_a_non_entity_file_is_never_touched,PASS,0.003,
F5-016,F5,backend,backend.tests.test_qe_generated_code_fixes,test_a_not_null_on_the_wrong_field_is_not_touched,PASS,0.002,
F5-017,F5,backend,backend.tests.test_qe_generated_code_fixes,test_a_second_pass_changes_nothing,PASS,0.004,
F5-018,F5,backend,backend.tests.test_qe_generated_code_fixes,test_a_workspace_without_entities_is_not_an_error,PASS,0.002,
F5-019,F5,backend,backend.tests.test_qe_generated_code_fixes,test_an_existing_mock_bean_is_never_touched,PASS,0.002,
F5-020,F5,backend,backend.tests.test_qe_generated_code_fixes,test_an_unmapped_path_gets_a_404_handler,PASS,0.003,
F5-021,F5,backend,backend.tests.test_qe_generated_code_fixes,test_it_is_idempotent,PASS,0.002,
F5-022,F5,backend,backend.tests.test_qe_generated_code_fixes,test_mockito_bean_is_rewritten_to_mock_bean,PASS,0.003,
F5-023,F5,backend,backend.tests.test_qe_generated_code_fixes,test_not_null_is_removed_from_a_generated_id,PASS,0.002,
F5-024,F5,backend,backend.tests.test_qe_generated_code_fixes,test_the_annotation_that_is_kept_is_untouched,PASS,0.002,
F5-025,F5,backend,backend.tests.test_qe_generated_code_fixes,test_the_handler_is_inserted_inside_the_class,PASS,0.003,
F5-026,F5,backend,backend.tests.test_qe_generated_code_fixes,test_the_handler_works_with_any_error_type,PASS,0.003,
F5-027,F5,backend,backend.tests.test_qe_generated_code_fixes,test_the_pass_corrects_every_entity,PASS,0.003,
F5-028,F5,backend,backend.tests.test_routes_tests,test_analyze_endpoint_success,PASS,0.008,
F5-029,F5,backend,backend.tests.test_routes_tests,test_get_repairs_and_manual_override,PASS,0.031,
F5-030,F5,backend,backend.tests.test_routes_tests,test_repair_endpoint_success_and_boundary,PASS,0.020,
F5-031,F5,backend,backend.tests.test_routes_tests,test_synthesize_endpoint_400_when_no_blueprint,PASS,0.007,
F5-032,F5,backend,backend.tests.test_routes_tests,test_synthesize_endpoint_success,PASS,0.009,
F5-033,F5,backend,backend.tests.test_test_analysis_service,test_analyze_code_compliance_violations,PASS,0.003,
F5-034,F5,backend,backend.tests.test_test_analysis_service,test_execute_repair_iteration_and_cap_at_5,PASS,0.004,
F5-035,F5,backend,backend.tests.test_test_analysis_service,test_plan_surgical_repair_and_apply,PASS,0.003,
F5-036,F5,backend,backend.tests.test_test_analysis_service,test_synthesize_test_suites_hybrid,PASS,0.003,
F6-001,F6,backend,backend.tests.test_docker_runner,test_build_docker_cmd_structure,PASS,0.002,
F6-002,F6,backend,backend.tests.test_docker_runner,test_docker_execution_result_model,PASS,0.002,
F6-003,F6,backend,backend.tests.test_docker_runner,test_run_docker_sandbox_daemon_offline_fallback[asyncio],PASS,0.003,
F6-004,F6,backend,backend.tests.test_docker_runner,test_run_docker_sandbox_daemon_pipe_error_fallback[asyncio],PASS,0.003,
F6-005,F6,backend,backend.tests.test_docker_runner,test_run_docker_sandbox_image_missing_fallback[asyncio],PASS,0.003,
F6-006,F6,backend,backend.tests.test_qe_environment_repair,test_a_cli_that_errors_is_not_reported_as_installed,PASS,0.003,
F6-007,F6,backend,backend.tests.test_qe_environment_repair,test_a_compilation_error_with_no_java_file_names_the_source_tree,PASS,0.002,
F6-008,F6,backend,backend.tests.test_qe_environment_repair,test_a_compilation_error_without_a_location_uses_the_generic_fallback,PASS,0.003,
F6-009,F6,backend,backend.tests.test_qe_environment_repair,test_a_diagnostic_missing_its_fields_does_not_raise,PASS,0.002,
F6-010,F6,backend,backend.tests.test_qe_environment_repair,test_a_fully_provisioned_host_reports_ready,PASS,0.002,
F6-011,F6,backend,backend.tests.test_qe_environment_repair,test_a_host_without_the_cli_reports_not_installed,PASS,0.002,
F6-012,F6,backend,backend.tests.test_qe_environment_repair,test_a_layer_name_without_the_java_extension_does_not_match,PASS,0.002,
F6-013,F6,backend,backend.tests.test_qe_environment_repair,test_a_located_compilation_error_is_parsed_with_its_position,PASS,0.002,
F6-014,F6,backend,backend.tests.test_qe_environment_repair,test_a_located_surefire_failure_names_class_and_method,PASS,0.003,
F6-015,F6,backend,backend.tests.test_qe_environment_repair,test_a_missing_image_is_named_with_the_pull_command,PASS,0.002,
F6-016,F6,backend,backend.tests.test_qe_environment_repair,test_a_stopped_daemon_is_reported,PASS,0.002,
F6-017,F6,backend,backend.tests.test_qe_environment_repair,test_a_surefire_failure_without_a_line_uses_the_class_fallback,PASS,0.003,
F6-018,F6,backend,backend.tests.test_qe_environment_repair,test_an_exception_from_the_image_probe_is_caught,PASS,0.002,
F6-019,F6,backend,backend.tests.test_qe_environment_repair,test_an_exception_from_the_info_probe_is_caught,PASS,0.002,
F6-020,F6,backend,backend.tests.test_qe_environment_repair,test_an_unknown_failure_still_names_a_layer_file_when_one_is_mentioned,PASS,0.002,
F6-021,F6,backend,backend.tests.test_qe_environment_repair,test_empty_output_produces_an_unknown_diagnostic_rather_than_raising,PASS,0.002,
F6-022,F6,backend,backend.tests.test_qe_environment_repair,test_the_repair_budget_boundary[0-1-True],PASS,0.003,
F6-023,F6,backend,backend.tests.test_qe_environment_repair,test_the_repair_budget_boundary[1-3-True],PASS,0.002,
F6-024,F6,backend,backend.tests.test_qe_environment_repair,test_the_repair_budget_boundary[2-3-True],PASS,0.002,
F6-025,F6,backend,backend.tests.test_qe_environment_repair,test_the_repair_budget_boundary[3-3-False],PASS,0.002,
F6-026,F6,backend,backend.tests.test_qe_environment_repair,test_the_repair_budget_boundary[4-3-False],PASS,0.003,
F6-027,F6,backend,backend.tests.test_qe_environment_repair,test_the_repair_prompt_carries_the_diagnostic_and_the_constitution_rules,PASS,0.002,
F6-028,F6,backend,backend.tests.test_qe_environment_repair,test_the_repair_prompt_states_when_there_is_no_context,PASS,0.002,
F6-029,F6,backend,backend.tests.test_qe_environment_repair,test_the_report_names_the_configured_image_and_cache,PASS,0.002,
F6-030,F6,backend,backend.tests.test_qe_environment_repair,test_unrecognised_output_falls_back_to_an_unknown_diagnostic,PASS,0.002,
F6-031,F6,backend,backend.tests.test_qe_sandbox_unavailability,test_a_cache_the_container_cannot_see_is_reported_as_a_mount_fault,PASS,0.003,
F6-032,F6,backend,backend.tests.test_qe_sandbox_unavailability,test_a_genuinely_missing_dependency_is_not_blamed_on_the_mount,PASS,0.002,
F6-033,F6,backend,backend.tests.test_qe_sandbox_unavailability,test_a_missing_reason_does_not_leave_a_dangling_label,PASS,0.002,
F6-034,F6,backend,backend.tests.test_qe_sandbox_unavailability,test_a_real_failure_still_says_the_code_failed,PASS,0.003,
F6-035,F6,backend,backend.tests.test_qe_sandbox_unavailability,test_a_successful_build_reports_nothing_missing,PASS,0.002,
F6-036,F6,backend,backend.tests.test_qe_sandbox_unavailability,test_a_verification_that_never_ran_is_not_reported_as_a_code_failure,PASS,0.003,
F6-037,F6,backend,backend.tests.test_qe_sandbox_unavailability,test_duplicates_are_collapsed,PASS,0.003,
F6-038,F6,backend,backend.tests.test_qe_sandbox_unavailability,test_the_list_is_bounded,PASS,0.003,
F6-039,F6,backend,backend.tests.test_qe_sandbox_unavailability,test_the_missing_artifacts_are_named,PASS,0.002,
F6-040,F6,backend,backend.tests.test_qe_sandbox_unavailability,test_the_mount_check_needs_a_cache_path,PASS,0.003,
F6-041,F6,backend,backend.tests.test_qe_sandbox_unavailability,test_the_project_itself_is_not_reported_as_a_missing_dependency,PASS,0.002,
F6-042,F6,backend,backend.tests.test_qe_sandbox_unavailability,test_the_two_reasons_are_never_identical,PASS,0.003,
F6-043,F6,backend,backend.tests.test_repair_parser,test_parse_compilation_error,PASS,0.003,
F6-044,F6,backend,backend.tests.test_repair_parser,test_parse_surefire_failure,PASS,0.003,
F6-045,F6,backend,backend.tests.test_repair_parser,test_retry_boundary_limit_at_3,PASS,0.003,
F6-046,F6,backend,backend.tests.test_sandbox_mount_suffix,test_the_default_command_carries_no_mount_suffix,PASS,0.003,
F6-047,F6,backend,backend.tests.test_sandbox_mount_suffix,test_the_offline_contract_is_untouched,PASS,0.003,
F6-048,F6,backend,backend.tests.test_sandbox_mount_suffix,test_the_suffix_is_accepted_in_any_of_the_shapes_an_operator_might_supply,PASS,0.003,
F6-049,F6,backend,backend.tests.test_sandbox_mount_suffix,test_the_suffix_is_applied_to_both_mounts_when_set,PASS,0.003,
F6-050,F6,backend,backend.tests.test_sandbox_verifier_honesty,test_a_real_failing_build_is_reported_as_a_failure_not_a_fallback[asyncio],PASS,0.004,
F6-051,F6,backend,backend.tests.test_sandbox_verifier_honesty,test_a_real_passing_build_is_not_marked_as_a_fallback[asyncio],PASS,0.003,
F6-052,F6,backend,backend.tests.test_sandbox_verifier_honesty,test_blocked_sandbox_result_routes_to_end_not_repair,PASS,0.004,
F6-053,F6,backend,backend.tests.test_sandbox_verifier_honesty,test_default_and_permissive_disagree_only_about_permission,PASS,0.004,
F6-054,F6,backend,backend.tests.test_sandbox_verifier_honesty,test_flag_absent_is_honest[asyncio],PASS,0.003,
F6-055,F6,backend,backend.tests.test_sandbox_verifier_honesty,test_flag_explicitly_false_is_honest[asyncio],PASS,0.003,
F6-056,F6,backend,backend.tests.test_sandbox_verifier_honesty,test_metrics_never_claim_passing_without_verification_in_default_mode,PASS,0.003,
F6-057,F6,backend,backend.tests.test_sandbox_verifier_honesty,test_metrics_payload_carries_the_marking,PASS,0.004,
F6-058,F6,backend,backend.tests.test_sandbox_verifier_honesty,test_permissive_mode_restores_the_legacy_outcome[asyncio],PASS,0.003,
F6-059,F6,backend,backend.tests.test_sandbox_verifier_honesty,test_permissive_mode_still_records_the_marking[asyncio],PASS,0.003,
F6-060,F6,backend,backend.tests.test_sandbox_verifier_honesty,test_permissive_session_reaches_verified_while_marked,PASS,0.004,
F6-061,F6,backend,backend.tests.test_sandbox_verifier_honesty,test_real_sandbox_failure_still_routes_to_repair,PASS,0.002,
F6-062,F6,backend,backend.tests.test_sandbox_verifier_honesty,test_sandbox_node_blocks_instead_of_verifying,PASS,0.004,
F6-063,F6,backend,backend.tests.test_sandbox_verifier_honesty,test_sc003_real_build_pass_and_fail[asyncio],SKIP,0.003,set AGENTIA_RUN_REAL_SANDBOX=1 in a shell that can reach the container runtime
F6-064,F6,backend,backend.tests.test_sandbox_verifier_honesty,test_session_detail_exposes_the_marking_across_a_restart,PASS,0.024,
F6-065,F6,backend,backend.tests.test_sandbox_verifier_honesty,test_session_detail_reports_false_on_unparseable_metrics,PASS,0.025,
F6-066,F6,backend,backend.tests.test_sandbox_verifier_honesty,test_session_detail_reports_false_without_metrics,PASS,0.024,
F6-067,F6,backend,backend.tests.test_sandbox_verifier_honesty,test_stream_event_carries_the_marking_as_a_structured_field,PASS,0.004,
F6-068,F6,backend,backend.tests.test_sandbox_verifier_honesty,test_the_environment_pattern_list_was_not_narrowed,PASS,0.004,
F6-069,F6,backend,backend.tests.test_sandbox_verifier_honesty,test_the_route_wires_the_marking_into_every_event_payload,PASS,0.003,
F6-070,F6,backend,backend.tests.test_sandbox_verifier_honesty,test_trigger1_daemon_unavailable_is_not_a_success[asyncio],PASS,0.004,
F6-071,F6,backend,backend.tests.test_sandbox_verifier_honesty,test_trigger2_runtime_executable_missing_is_not_a_success[asyncio],PASS,0.003,
F6-072,F6,backend,backend.tests.test_sandbox_verifier_honesty,test_trigger3_runtime_communication_failure_is_not_a_success[asyncio],PASS,0.003,
F6-073,F6,backend,backend.tests.test_sandbox_verifier_honesty,test_trigger4_environment_looking_build_failure_is_not_a_success[asyncio],PASS,0.004,
F6-074,F6,backend,backend.tests.test_sandbox_verifier_honesty,test_trigger4_records_the_matched_pattern_and_the_ambiguity[asyncio],PASS,0.003,
F6-075,F6,backend,backend.tests.test_sandbox_verifier_honesty,test_unambiguous_triggers_do_not_claim_ambiguity,PASS,0.002,
F6-076,F6,backend,backend.tests.test_sandbox_verifier_honesty,test_unrecognized_flag_value_fails_safe[asyncio-0],PASS,0.003,
F6-077,F6,backend,backend.tests.test_sandbox_verifier_honesty,test_unrecognized_flag_value_fails_safe[asyncio-1_0],PASS,0.004,
F6-078,F6,backend,backend.tests.test_sandbox_verifier_honesty,test_unrecognized_flag_value_fails_safe[asyncio-1_1],PASS,0.003,
F6-079,F6,backend,backend.tests.test_sandbox_verifier_honesty,test_unrecognized_flag_value_fails_safe[asyncio-None],PASS,0.003,
F6-080,F6,backend,backend.tests.test_sandbox_verifier_honesty,test_unrecognized_flag_value_fails_safe[asyncio-bad_value6],PASS,0.003,
F6-081,F6,backend,backend.tests.test_sandbox_verifier_honesty,test_unrecognized_flag_value_fails_safe[asyncio-banana],PASS,0.004,
F6-082,F6,backend,backend.tests.test_sandbox_verifier_honesty,test_unrecognized_flag_value_fails_safe[asyncio-true],PASS,0.003,
F7-001,F7,backend,backend.tests.test_injection_judge,test_is_blocking_threshold,PASS,0.002,
F7-002,F7,backend,backend.tests.test_injection_judge,test_judge_text_constrains_output,PASS,0.002,
F7-003,F7,backend,backend.tests.test_injection_judge,test_judge_unparseable_refuses,PASS,0.003,
F7-004,F7,backend,backend.tests.test_injection_judge,test_parse_verdict_fenced_json,PASS,0.002,
F7-005,F7,backend,backend.tests.test_injection_judge,test_parse_verdict_plain_json,PASS,0.002,
F7-006,F7,backend,backend.tests.test_injection_judge,test_parse_verdict_prose_refuses,PASS,0.002,
F7-007,F7,backend,backend.tests.test_injection_judge,test_parse_verdict_wrong_shape_refuses,PASS,0.002,
F7-008,F7,backend,backend.tests.test_qe_injection_guard,test_a_clean_narrative_still_transforms_through_the_service,PASS,0.002,
F7-009,F7,backend,backend.tests.test_qe_injection_guard,test_a_finding_serialises_for_the_error_envelope,PASS,0.002,
F7-010,F7,backend,backend.tests.test_qe_injection_guard,test_a_nested_field_is_scanned,PASS,0.003,
F7-011,F7,backend,backend.tests.test_qe_injection_guard,test_an_encoded_blob_warns_but_does_not_block,PASS,0.002,
F7-012,F7,backend,backend.tests.test_qe_injection_guard,test_an_override_attempt_blocks,PASS,0.002,
F7-013,F7,backend,backend.tests.test_qe_injection_guard,test_benign_evidence_is_not_redacted,PASS,0.003,
F7-014,F7,backend,backend.tests.test_qe_injection_guard,test_empty_and_non_string_input_is_ignored,PASS,0.002,
F7-015,F7,backend,backend.tests.test_qe_injection_guard,test_every_attack_is_refused[en_override],PASS,0.002,
F7-016,F7,backend,backend.tests.test_qe_injection_guard,test_every_attack_is_refused[en_policy],PASS,0.002,
F7-017,F7,backend,backend.tests.test_qe_injection_guard,test_every_attack_is_refused[en_role],PASS,0.002,
F7-018,F7,backend,backend.tests.test_qe_injection_guard,test_every_attack_is_refused[es_actua],PASS,0.002,
F7-019,F7,backend,backend.tests.test_qe_injection_guard,test_every_attack_is_refused[es_forget],PASS,0.002,
F7-020,F7,backend,backend.tests.test_qe_injection_guard,test_every_attack_is_refused[es_override],PASS,0.003,
F7-021,F7,backend,backend.tests.test_qe_injection_guard,test_every_attack_is_refused[es_policy],PASS,0.002,
F7-022,F7,backend,backend.tests.test_qe_injection_guard,test_every_attack_is_refused[es_reveal],PASS,0.002,
F7-023,F7,backend,backend.tests.test_qe_injection_guard,test_every_attack_is_refused[es_role],PASS,0.002,
F7-024,F7,backend,backend.tests.test_qe_injection_guard,test_every_attack_is_refused[es_skip],PASS,0.002,
F7-025,F7,backend,backend.tests.test_qe_injection_guard,test_every_attack_is_refused[es_system_prefix],PASS,0.002,
F7-026,F7,backend,backend.tests.test_qe_injection_guard,test_every_attack_is_refused[fenced_sistema],PASS,0.002,
F7-027,F7,backend,backend.tests.test_qe_injection_guard,test_every_attack_is_refused[fenced_system],PASS,0.002,
F7-028,F7,backend,backend.tests.test_qe_injection_guard,test_every_attack_is_refused[new_instructions],PASS,0.002,
F7-029,F7,backend,backend.tests.test_qe_injection_guard,test_every_attack_is_refused[nuevas_instrucciones],PASS,0.002,
F7-030,F7,backend,backend.tests.test_qe_injection_guard,test_free_text_only_mode_skips_identifier_fields,PASS,0.002,
F7-031,F7,backend,backend.tests.test_qe_injection_guard,test_hidden_characters_warn_but_do_not_block,PASS,0.002,
F7-032,F7,backend,backend.tests.test_qe_injection_guard,test_ordinary_domain_language_is_never_flagged[el_sistema],PASS,0.002,
F7-033,F7,backend,backend.tests.test_qe_injection_guard,test_ordinary_domain_language_is_never_flagged[ignoran_versiones],PASS,0.002,
F7-034,F7,backend,backend.tests.test_qe_injection_guard,test_ordinary_domain_language_is_never_flagged[ignorar_pedidos],PASS,0.002,
F7-035,F7,backend,backend.tests.test_qe_injection_guard,test_ordinary_domain_language_is_never_flagged[ignore_previous_orders],PASS,0.002,
F7-036,F7,backend,backend.tests.test_qe_injection_guard,test_ordinary_domain_language_is_never_flagged[operator_role],PASS,0.002,
F7-037,F7,backend,backend.tests.test_qe_injection_guard,test_ordinary_domain_language_is_never_flagged[reglas_validacion],PASS,0.002,
F7-038,F7,backend,backend.tests.test_qe_injection_guard,test_ordinary_domain_language_is_never_flagged[rol_operador],PASS,0.002,
F7-039,F7,backend,backend.tests.test_qe_injection_guard,test_ordinary_domain_language_is_never_flagged[status_transition],PASS,0.002,
F7-040,F7,backend,backend.tests.test_qe_injection_guard,test_ordinary_domain_language_is_never_flagged[the_system_shall],PASS,0.003,
F7-041,F7,backend,backend.tests.test_qe_injection_guard,test_ordinary_domain_language_is_never_flagged[validation_rules],PASS,0.003,
F7-042,F7,backend,backend.tests.test_qe_injection_guard,test_ordinary_whitespace_and_newlines_are_not_hidden_characters,PASS,0.002,
F7-043,F7,backend,backend.tests.test_qe_injection_guard,test_the_SERVICE_refuses_injection_not_just_the_route,PASS,0.002,
F7-044,F7,backend,backend.tests.test_qe_injection_guard,test_the_excerpt_is_bounded,PASS,0.004,
F7-045,F7,backend,backend.tests.test_qe_injection_guard,test_the_real_blueprint_corpus_is_never_flagged,PASS,0.095,
F7-046,F7,backend,backend.tests.test_qe_injection_guard,test_the_reflector_prompt_states_that_evidence_is_not_instruction,PASS,0.003,
F7-047,F7,backend,backend.tests.test_qe_injection_guard,test_the_reflector_redacts_injection_from_recorded_evidence,PASS,0.004,
F7-048,F7,backend,backend.tests.test_qe_injection_guard,test_the_specification_ingestion_path_is_guarded,PASS,0.012,
F7-049,F7,backend,backend.tests.test_qe_injection_guard,test_the_stage_request_marks_the_payload_as_untrusted_data,PASS,0.002,
F7-050,F7,backend,backend.tests.test_qe_injection_guard,test_the_transform_endpoint_refuses_an_injected_narrative,PASS,0.013,
F7-051,F7,backend,backend.tests.test_routes_security,test_audit_in_memory_blocked_by_secret_and_injection,PASS,0.007,
F7-052,F7,backend,backend.tests.test_routes_security,test_audit_in_memory_clean,PASS,0.008,
F7-053,F7,backend,backend.tests.test_routes_security,test_remediate_endpoint,PASS,0.008,
F7-054,F7,backend,backend.tests.test_routes_security,test_session_audit_and_export_blocking,PASS,0.031,
F7-055,F7,backend,backend.tests.test_security_service,test_apply_surgical_remediation,PASS,0.003,
F7-056,F7,backend,backend.tests.test_security_service,test_calculate_code_metrics,PASS,0.003,
F7-057,F7,backend,backend.tests.test_security_service,test_empty_audit_cannot_export,PASS,0.003,
F7-058,F7,backend,backend.tests.test_security_service,test_evaluate_quality_gate_blocking,PASS,0.003,
F7-059,F7,backend,backend.tests.test_security_service,test_evaluate_quality_gate_pass,PASS,0.003,
F7-060,F7,backend,backend.tests.test_security_service,test_offline_cve_database_loads,PASS,0.003,
F7-061,F7,backend,backend.tests.test_security_service,test_scan_architecture_detects_violations,PASS,0.003,
F7-062,F7,backend,backend.tests.test_security_service,test_scan_dependencies_cve_detects_vulnerable_versions,PASS,0.005,
F7-063,F7,backend,backend.tests.test_security_service,test_scan_dependencies_cve_passes_safe_versions,PASS,0.003,
F7-064,F7,backend,backend.tests.test_security_service,test_scan_sast_detects_missing_valid_and_path_traversal,PASS,0.003,
F7-065,F7,backend,backend.tests.test_security_service,test_scan_sast_detects_sql_injection,PASS,0.003,
F7-066,F7,backend,backend.tests.test_security_service,test_scan_secrets_detects_all_patterns,PASS,0.003,
F7-067,F7,backend,backend.tests.test_skillopt_injection,test_a_dangling_pointer_is_a_no_op_and_does_not_raise,PASS,0.005,
F7-068,F7,backend,backend.tests.test_skillopt_injection,test_a_pointer_of_only_comments_is_a_no_op,PASS,0.004,
F7-069,F7,backend,backend.tests.test_skillopt_injection,test_an_empty_pointer_is_a_no_op,PASS,0.004,
F7-070,F7,backend,backend.tests.test_skillopt_injection,test_an_invalid_skill_document_is_a_no_op_rather_than_a_failure,PASS,0.004,
F7-071,F7,backend,backend.tests.test_skillopt_injection,test_generation_still_runs_with_no_active_skill,PASS,0.014,
F7-072,F7,backend,backend.tests.test_skillopt_injection,test_injection_augments_the_instruction_rather_than_replacing_it,PASS,0.004,
F7-073,F7,backend,backend.tests.test_skillopt_injection,test_injection_does_not_change_the_payload_or_the_scope,PASS,0.004,
F7-074,F7,backend,backend.tests.test_skillopt_injection,test_no_active_pointer_is_byte_identical_to_the_pre_feature_rendering,PASS,0.005,
F7-075,F7,backend,backend.tests.test_skillopt_injection,test_the_active_skill_text_reaches_the_request,PASS,0.004,
F7-076,F7,backend,backend.tests.test_skillopt_injection,test_the_injected_skill_reaches_the_real_model_request,PASS,0.015,
F7-077,F7,frontend,src/test/views_devops_security_export.test.tsx,"Views: SecurityQuality, DevOpsDeployment, ExportPublish > DevOpsDeploymentView > renders deployment dashboard with port configuration and Stopped status",PASS,0.08391662,
F7-078,F7,frontend,src/test/views_devops_security_export.test.tsx,"Views: SecurityQuality, DevOpsDeployment, ExportPublish > DevOpsDeploymentView > triggers deployLocal and updates deployment status",PASS,0.386828594,
F7-079,F7,frontend,src/test/views_devops_security_export.test.tsx,"Views: SecurityQuality, DevOpsDeployment, ExportPublish > ExportPublishView > calls window.open with the zip download URL when download button is clicked",PASS,0.084450905,
F7-080,F7,frontend,src/test/views_devops_security_export.test.tsx,"Views: SecurityQuality, DevOpsDeployment, ExportPublish > ExportPublishView > submits git form and triggers publishToGit",PASS,0.087678332,
F7-081,F7,frontend,src/test/views_devops_security_export.test.tsx,"Views: SecurityQuality, DevOpsDeployment, ExportPublish > SecurityQualityView > loads and displays audit report metrics and quality gate verdict",PASS,0.074489578,
F7-082,F7,frontend,src/test/views_devops_security_export.test.tsx,"Views: SecurityQuality, DevOpsDeployment, ExportPublish > SecurityQualityView > renders empty state when audit report is not yet loaded",PASS,0.115066411,
F8-001,F8,backend,backend.tests.test_devops_service,test_generate_all_devops_assets,PASS,0.003,
F8-002,F8,backend,backend.tests.test_devops_service,test_generate_docker_compose_h2,PASS,0.002,
F8-003,F8,backend,backend.tests.test_devops_service,test_generate_docker_compose_mysql,PASS,0.002,
F8-004,F8,backend,backend.tests.test_devops_service,test_generate_docker_compose_postgresql,PASS,0.002,
F8-005,F8,backend,backend.tests.test_devops_service,test_generate_dockerfile,PASS,0.002,
F8-006,F8,backend,backend.tests.test_devops_service,test_generate_dockerignore,PASS,0.003,
F8-007,F8,backend,backend.tests.test_devops_service,test_generate_github_actions,PASS,0.002,
F8-008,F8,backend,backend.tests.test_devops_service,test_generate_gitlab_ci,PASS,0.002,
F8-009,F8,backend,backend.tests.test_devops_service,test_generate_kubernetes_manifests,PASS,0.002,
F8-010,F8,backend,backend.tests.test_devops_service,test_the_compose_file_does_not_initialise_the_schema_from_a_bind_mount,PASS,0.002,
F8-011,F8,backend,backend.tests.test_qe_deploy_docker,test_a_building_session_is_returned_without_touching_the_network,PASS,0.002,
F8-012,F8,backend,backend.tests.test_qe_deploy_docker,test_a_compose_failure_carries_the_exit_code,PASS,0.002,
F8-013,F8,backend,backend.tests.test_qe_deploy_docker,test_a_container_started_outside_this_process_is_discovered,PASS,0.002,
F8-014,F8,backend,backend.tests.test_qe_deploy_docker,test_a_container_that_never_becomes_healthy_is_failed_not_healthy,PASS,0.002,
F8-015,F8,backend,backend.tests.test_qe_deploy_docker,test_a_failed_compose_down_does_not_raise,PASS,0.003,
F8-016,F8,backend,backend.tests.test_qe_deploy_docker,test_a_healthy_actuator_passes_the_smoke_test_and_updates_the_session,PASS,0.002,
F8-017,F8,backend,backend.tests.test_qe_deploy_docker,test_a_known_session_survives_an_unreachable_endpoint,PASS,0.003,
F8-018,F8,backend,backend.tests.test_qe_deploy_docker,test_a_live_endpoint_belonging_to_another_session_is_not_this_session,PASS,0.002,
F8-019,F8,backend,backend.tests.test_qe_deploy_docker,test_a_log_queue_is_created_on_first_message,PASS,0.003,
F8-020,F8,backend,backend.tests.test_qe_deploy_docker,test_a_missing_health_field_is_not_treated_as_up,PASS,0.002,
F8-021,F8,backend,backend.tests.test_qe_deploy_docker,test_a_non_json_body_degrades_to_the_raw_text_instead_of_crashing,PASS,0.002,
F8-022,F8,backend,backend.tests.test_qe_deploy_docker,test_a_nonzero_docker_info_is_reported_unavailable,PASS,0.002,
F8-023,F8,backend,backend.tests.test_qe_deploy_docker,test_a_smoke_test_passes_on_a_later_attempt_rather_than_the_first,PASS,0.002,
F8-024,F8,backend,backend.tests.test_qe_deploy_docker,test_a_successful_deploy_is_only_called_healthy_after_actuator_says_up,PASS,0.002,
F8-025,F8,backend,backend.tests.test_qe_deploy_docker,test_an_exception_in_the_worker_marks_the_session_failed,PASS,0.002,
F8-026,F8,backend,backend.tests.test_qe_deploy_docker,test_an_existing_failed_session_is_cleared_when_the_endpoint_recovers,PASS,0.002,
F8-027,F8,backend,backend.tests.test_qe_deploy_docker,test_an_unknown_session_with_no_endpoint_is_idle,PASS,0.021,
F8-028,F8,backend,backend.tests.test_qe_deploy_docker,test_an_unreachable_daemon_is_reported_unavailable_rather_than_raising[daemon-hung],PASS,0.002,
F8-029,F8,backend,backend.tests.test_qe_deploy_docker,test_an_unreachable_daemon_is_reported_unavailable_rather_than_raising[docker-binary-missing],PASS,0.003,
F8-030,F8,backend,backend.tests.test_qe_deploy_docker,test_an_unreachable_daemon_is_reported_unavailable_rather_than_raising[os-error],PASS,0.002,
F8-031,F8,backend,backend.tests.test_qe_deploy_docker,test_an_unreachable_endpoint_is_retried_and_reported_as_a_timeout,PASS,0.002,
F8-032,F8,backend,backend.tests.test_qe_deploy_docker,test_blank_compose_output_lines_are_not_logged,PASS,0.002,
F8-033,F8,backend,backend.tests.test_qe_deploy_docker,test_deploy_without_a_daemon_enters_export_only_mode_without_starting_anything,PASS,0.002,
F8-034,F8,backend,backend.tests.test_qe_deploy_docker,test_log_history_and_the_queue_stay_in_step,PASS,0.002,
F8-035,F8,backend,backend.tests.test_qe_deploy_docker,test_logs_of_an_unknown_session_are_empty_not_an_error,PASS,0.002,
F8-036,F8,backend,backend.tests.test_qe_deploy_docker,test_rebuild_is_forwarded_to_compose,PASS,0.003,
F8-037,F8,backend,backend.tests.test_qe_deploy_docker,test_stopping_an_unknown_session_still_reports_stopped,PASS,0.003,
F8-038,F8,backend,backend.tests.test_qe_deploy_docker,test_stopping_runs_compose_down_and_records_the_stop,PASS,0.003,
F8-039,F8,backend,backend.tests.test_qe_deploy_docker,test_streaming_a_never_seen_session_does_not_raise,PASS,0.503,
F8-040,F8,backend,backend.tests.test_qe_deploy_docker,test_streaming_delivers_a_line_logged_after_the_client_connected,PASS,0.002,
F8-041,F8,backend,backend.tests.test_qe_deploy_docker,test_streaming_emits_a_keepalive_when_idle,PASS,0.503,
F8-042,F8,backend,backend.tests.test_qe_deploy_docker,test_streaming_replays_history_before_live_lines,PASS,0.003,
F8-043,F8,backend,backend.tests.test_qe_deploy_docker,test_the_daemon_is_reported_available_when_docker_info_exits_zero,PASS,0.002,
F8-044,F8,backend,backend.tests.test_qe_deploy_docker,test_the_deploy_returns_building_before_the_worker_finishes,PASS,0.002,
F8-045,F8,backend,backend.tests.test_qe_deployment_identity,test_a_container_this_session_already_owns_is_not_a_conflict,PASS,0.003,
F8-046,F8,backend,backend.tests.test_qe_deployment_identity,test_a_daemon_that_rejects_the_listing_yields_no_conflict,PASS,0.002,
F8-047,F8,backend,backend.tests.test_qe_deployment_identity,test_a_port_held_by_another_session_is_reported_before_anything_is_created,PASS,0.003,
F8-048,F8,backend,backend.tests.test_qe_deployment_identity,test_a_session_with_no_container_is_not_reported_healthy,PASS,0.006,
F8-049,F8,backend,backend.tests.test_qe_deployment_identity,test_an_existing_record_is_probed_on_its_own_port,PASS,0.003,
F8-050,F8,backend,backend.tests.test_qe_deployment_identity,test_an_unreachable_docker_degrades_to_not_deployed,PASS,0.002,
F8-051,F8,backend,backend.tests.test_qe_deployment_identity,test_host_port_is_read_from_the_published_mapping[-None],PASS,0.002,
F8-052,F8,backend,backend.tests.test_qe_deployment_identity,test_host_port_is_read_from_the_published_mapping[0.0.0.0:8080->8080/tcp-8080],PASS,0.003,
F8-053,F8,backend,backend.tests.test_qe_deployment_identity,"test_host_port_is_read_from_the_published_mapping[0.0.0.0:9092->8080/tcp, 0.0.0.0:5432->5432/tcp-9092]",PASS,0.002,
F8-054,F8,backend,backend.tests.test_qe_deployment_identity,test_host_port_is_read_from_the_published_mapping[0.0.0.0:9092->8080/tcp-9092],PASS,0.003,
F8-055,F8,backend,backend.tests.test_qe_deployment_identity,test_host_port_is_read_from_the_published_mapping[8080/tcp-None],PASS,0.002,
F8-056,F8,backend,backend.tests.test_qe_deployment_identity,test_state_is_recovered_from_the_compose_project_label,PASS,0.003,
F8-057,F8,backend,backend.tests.test_qe_deployment_identity,test_the_database_container_is_never_mistaken_for_the_service,PASS,0.002,
F8-058,F8,backend,backend.tests.test_qe_deployment_identity,test_the_port_lookup_reads_the_published_side_only[-8080-None],PASS,0.003,
F8-059,F8,backend,backend.tests.test_qe_deployment_identity,test_the_port_lookup_reads_the_published_side_only[api\t0.0.0.0:9092->8080/tcp\tsess-b-9092-api],PASS,0.003,
F8-060,F8,backend,backend.tests.test_qe_deployment_identity,test_the_port_lookup_reads_the_published_side_only[api\t8080/tcp\tsess-c-8080-None],PASS,0.003,
F8-061,F8,backend,backend.tests.test_qe_deployment_identity,test_the_port_lookup_reads_the_published_side_only[help-desk\t0.0.0.0:8080->8080/tcp\tsess-a-8080-help-desk],PASS,0.004,
F8-062,F8,backend,backend.tests.test_qe_deployment_identity,test_the_port_lookup_reads_the_published_side_only[other\t0.0.0.0:9999->8080/tcp\tsess-d-8080-None],PASS,0.003,
F8-063,F8,backend,backend.tests.test_routes_devops,test_deploy_devops_blocked_by_quality_gate,PASS,0.015,
F8-064,F8,backend,backend.tests.test_routes_devops,test_deploy_devops_clean_session_behavior,PASS,0.182,
F8-065,F8,backend,backend.tests.test_routes_devops,test_devops_logs_stream_endpoint,PASS,15.141,
F8-066,F8,backend,backend.tests.test_routes_devops,test_devops_status_endpoint,PASS,0.012,
F8-067,F8,backend,backend.tests.test_routes_devops,test_generate_devops_manifests_blocked_by_quality_gate,PASS,0.014,
F8-068,F8,backend,backend.tests.test_routes_devops,test_generate_devops_manifests_success,PASS,0.018,
F9-001,F9,backend,backend.tests.test_artifact_retrieval,test_architecture_design_save_and_retrieve,PASS,0.016,
F9-002,F9,backend,backend.tests.test_artifact_retrieval,test_models_design_save_and_retrieve,PASS,0.018,
F9-003,F9,backend,backend.tests.test_export_service,test_create_project_zip,PASS,0.003,
F9-004,F9,backend,backend.tests.test_export_service,test_export_full_bundle,PASS,0.004,
F9-005,F9,backend,backend.tests.test_git_service,test_prepare_authenticated_url,PASS,0.004,
F9-006,F9,backend,backend.tests.test_git_service,test_sanitize_git_url_strips_token,PASS,0.003,
F9-007,F9,backend,backend.tests.test_qe_lifecycle_artifacts,test_a_blueprint_is_recovered_from_the_generated_entities,PASS,0.003,
F9-008,F9,backend,backend.tests.test_qe_lifecycle_artifacts,test_a_blueprint_with_no_entities_still_produces_files,PASS,0.003,
F9-009,F9,backend,backend.tests.test_qe_lifecycle_artifacts,test_a_non_empty_directory_is_left_alone,PASS,0.005,
F9-010,F9,backend,backend.tests.test_qe_lifecycle_artifacts,test_an_empty_directory_in_the_way_is_replaced,PASS,0.005,
F9-011,F9,backend,backend.tests.test_qe_lifecycle_artifacts,test_an_existing_artifact_is_never_overwritten,PASS,0.005,
F9-012,F9,backend,backend.tests.test_qe_lifecycle_artifacts,test_every_artifact_is_written,PASS,0.005,
F9-013,F9,backend,backend.tests.test_qe_lifecycle_artifacts,test_it_is_idempotent,PASS,0.007,
F9-014,F9,backend,backend.tests.test_qe_lifecycle_artifacts,test_recovered_entities_produce_a_usable_schema,PASS,0.005,
F9-015,F9,backend,backend.tests.test_qe_lifecycle_artifacts,test_recovery_of_an_empty_workspace_is_not_an_error,PASS,0.002,
F9-016,F9,backend,backend.tests.test_qe_lifecycle_artifacts,test_spec_md_is_a_spec_kit_document_not_a_stub,PASS,0.005,
F9-017,F9,backend,backend.tests.test_qe_lifecycle_artifacts,test_the_architecture_is_marked_as_derived,PASS,0.005,
F9-018,F9,backend,backend.tests.test_qe_lifecycle_artifacts,test_the_domain_model_carries_the_attribute_fields_the_view_renders,PASS,0.005,
F9-019,F9,backend,backend.tests.test_qe_lifecycle_artifacts,test_the_domain_model_is_persisted_so_the_tab_survives_a_reload,PASS,0.005,
F9-020,F9,backend,backend.tests.test_qe_lifecycle_artifacts,test_the_schema_is_real_ddl_for_this_blueprint,PASS,0.005,
F9-021,F9,backend,backend.tests.test_qe_lifecycle_artifacts,test_the_stories_are_persisted_so_the_tab_survives_a_reload,PASS,0.005,
F9-022,F9,backend,backend.tests.test_qe_publish_git,test_a_failed_push_raises_with_a_sanitized_message_and_still_scrubs,PASS,0.027,
F9-023,F9,backend,backend.tests.test_qe_publish_git,test_a_new_remote_is_created_with_the_clean_url_and_the_token_goes_to_the_push,PASS,0.028,
F9-024,F9,backend,backend.tests.test_qe_publish_git,test_a_successful_publish_returns_the_branch_urls_and_a_commit,PASS,0.035,
F9-025,F9,backend,backend.tests.test_qe_publish_git,test_a_token_is_embedded_for_https,PASS,0.002,
F9-026,F9,backend,backend.tests.test_qe_publish_git,test_a_token_is_not_embedded_for_ssh_or_http,PASS,0.002,
F9-027,F9,backend,backend.tests.test_qe_publish_git,test_an_already_authenticated_url_is_not_double_embedded,PASS,0.003,
F9-028,F9,backend,backend.tests.test_qe_publish_git,test_no_token_leaves_the_url_untouched,PASS,0.002,
F9-029,F9,backend,backend.tests.test_qe_publish_git,test_publishing_to_an_existing_repository_does_not_reinitialize,PASS,0.046,
F9-030,F9,backend,backend.tests.test_qe_publish_git,test_sanitize_strips_embedded_credentials_only[git@github.com:corp/x.git-git@github.com:corp/x.git],PASS,0.003,
F9-031,F9,backend,backend.tests.test_qe_publish_git,test_sanitize_strips_embedded_credentials_only[https://github.com/corp/x.git-https://github.com/corp/x.git],PASS,0.003,
F9-032,F9,backend,backend.tests.test_qe_publish_git,test_sanitize_strips_embedded_credentials_only[https://oauth2:ghp_abc@gitlab.com/g/p.git-https://gitlab.com/g/p.git],PASS,0.003,
F9-033,F9,backend,backend.tests.test_qe_publish_git,test_sanitize_strips_embedded_credentials_only[https://user:pass@github.com/corp/x.git-https://github.com/corp/x.git],PASS,0.003,
F9-034,F9,backend,backend.tests.test_qe_publish_git,test_the_committer_identity_is_recorded,PASS,0.030,
F9-035,F9,backend,backend.tests.test_qe_publish_git,test_the_token_is_never_written_to_the_remote_url,PASS,0.029,
F9-036,F9,backend,backend.tests.test_qe_publish_git,test_the_token_reaches_the_remote_during_the_push,PASS,0.027,
F9-037,F9,backend,backend.tests.test_routes_artifact,test_get_artifact_content,PASS,0.009,
F9-038,F9,backend,backend.tests.test_routes_artifact,test_get_artifact_content_not_found,PASS,0.010,
F9-039,F9,backend,backend.tests.test_routes_artifact,test_list_artifacts,PASS,0.013,
F9-040,F9,backend,backend.tests.test_routes_publish,test_export_zip,PASS,0.020,
F9-041,F9,backend,backend.tests.test_routes_publish,test_export_zip_not_found,PASS,0.009,
FT-001,FT,backend,backend.tests.test_app_examples,test_example_delete_cancels_the_session,PASS,0.032,
FT-002,FT,backend,backend.tests.test_app_examples,test_example_export_blocked_when_quality_gate_fails,PASS,0.021,
FT-003,FT,backend,backend.tests.test_app_examples,test_example_export_returns_a_zip_when_gate_passes,PASS,0.018,
FT-004,FT,backend,backend.tests.test_app_examples,test_example_invalid_blueprint_uses_error_envelope,PASS,0.005,
FT-005,FT,backend,backend.tests.test_app_examples,test_example_lifecycle_and_phase_transition,PASS,0.032,
FT-006,FT,backend,backend.tests.test_app_examples,test_example_list_sessions_returns_array,PASS,0.009,
FT-007,FT,backend,backend.tests.test_app_examples,test_example_llm_verify_mock_provider,PASS,0.113,
FT-008,FT,backend,backend.tests.test_app_examples,test_example_missing_api_key_is_rejected,PASS,0.007,
FT-009,FT,backend,backend.tests.test_app_examples,test_example_parametrized_service_names[-app-service],PASS,0.009,
FT-010,FT,backend,backend.tests.test_app_examples,test_example_parametrized_service_names[inventory-service-inventory-service],PASS,0.008,
FT-011,FT,backend,backend.tests.test_app_examples,test_example_parametrized_service_names[order-service-order-service],PASS,0.009,
FT-012,FT,backend,backend.tests.test_app_examples,test_example_pipeline_stops_at_blocked_quality_gate,PASS,1.570,
FT-013,FT,backend,backend.tests.test_app_examples,test_example_publish_to_git_with_mocked_boundary,PASS,0.018,
FT-014,FT,backend,backend.tests.test_app_examples,test_example_quick_start_creates_session_and_spec,PASS,0.039,
FT-015,FT,backend,backend.tests.test_app_examples,test_example_quick_start_defaults_are_applied,PASS,0.008,
FT-016,FT,backend,backend.tests.test_app_examples,test_example_requirements_transform_offline_mock,PASS,0.221,
FT-017,FT,backend,backend.tests.test_app_examples,test_example_security_audit_blocks_secret_and_injection,PASS,0.007,
FT-018,FT,backend,backend.tests.test_app_examples,test_example_security_audit_passes_clean_code,PASS,0.014,
FT-019,FT,backend,backend.tests.test_app_examples,test_example_session_detail_is_json_serializable,PASS,0.011,
FT-020,FT,backend,backend.tests.test_app_examples,test_example_smoke_health_endpoint,PASS,0.013,
FT-021,FT,backend,backend.tests.test_app_examples,test_example_sse_event_history_is_recorded,PASS,0.002,
FT-022,FT,backend,backend.tests.test_app_examples,test_example_submit_blueprint_json,PASS,0.007,
FT-023,FT,backend,backend.tests.test_app_examples,test_example_surgical_remediation_returns_a_diff,PASS,0.009,
FT-024,FT,backend,backend.tests.test_app_examples,test_example_unit_parse_maven_compilation_error,PASS,0.005,
FT-025,FT,backend,backend.tests.test_app_examples,test_example_unit_repair_boundary_is_three_attempts,PASS,0.002,
FT-026,FT,backend,backend.tests.test_app_examples,test_example_unit_secret_scanner_flags_hardcoded_key,PASS,0.002,
FT-027,FT,backend,backend.tests.test_app_examples,test_example_unknown_session_stream_returns_404,PASS,0.009,
FT-028,FT,backend,backend.tests.test_app_examples,test_example_unknown_specification_returns_404,PASS,0.006,
FT-029,FT,backend,backend.tests.test_app_examples,test_example_upload_spec_markdown,PASS,0.021,
FT-030,FT,backend,backend.tests.test_autopilot_input_interface,test_blueprint_injection_shape,PASS,0.002,
FT-031,FT,backend,backend.tests.test_autopilot_input_interface,test_quick_start_request_accepts_input_interface,PASS,0.002,
FT-032,FT,backend,backend.tests.test_autopilot_input_interface,test_run_pipeline_stores_input_interface,PASS,0.003,
FT-033,FT,backend,backend.tests.test_conformance_diagnostics,test_a_clean_set_is_not_blocking_and_scores_full,PASS,0.002,
FT-034,FT,backend,backend.tests.test_conformance_diagnostics,test_a_clean_set_measures_zero_regardless_of_size,PASS,0.002,
FT-035,FT,backend,backend.tests.test_conformance_diagnostics,test_a_layering_violation_is_reported_by_rule_id,PASS,0.004,
FT-036,FT,backend,backend.tests.test_conformance_diagnostics,test_a_violating_artifact_set_scores_below_a_clean_one,PASS,0.003,
FT-037,FT,backend,backend.tests.test_conformance_diagnostics,test_equal_finding_proportions_yield_the_same_measure_at_different_sizes,PASS,0.002,
FT-038,FT,backend,backend.tests.test_conformance_diagnostics,test_every_violation_kind_is_distinguishable_by_rule_id,PASS,0.005,
FT-039,FT,backend,backend.tests.test_conformance_diagnostics,test_the_histogram_names_which_rules_fired_and_how_often,PASS,0.002,
FT-040,FT,backend,backend.tests.test_conformance_diagnostics,test_the_raw_score_is_unchanged_for_the_cases_that_already_existed,PASS,0.002,
FT-041,FT,backend,backend.tests.test_conformance_diagnostics,test_the_report_is_deterministic,PASS,0.002,
FT-042,FT,backend,backend.tests.test_conformance_diagnostics,test_the_score_floors_at_zero_rather_than_going_negative,PASS,0.002,
FT-043,FT,backend,backend.tests.test_corpus_report,test_a_batch_records_an_outcome_for_every_blueprint,PASS,0.045,
FT-044,FT,backend,backend.tests.test_corpus_report,test_a_failed_build_is_verified_and_does_count_as_a_failure,PASS,0.002,
FT-045,FT,backend,backend.tests.test_corpus_report,test_a_priced_cost_is_rendered_as_a_figure,PASS,0.002,
FT-046,FT,backend,backend.tests.test_corpus_report,test_an_empty_batch_reports_no_data,PASS,0.009,
FT-047,FT,backend,backend.tests.test_corpus_report,test_an_empty_corpus_reports_no_data_rather_than_zero,PASS,0.002,
FT-048,FT,backend,backend.tests.test_corpus_report,test_calls_that_could_not_be_priced_are_not_reported_as_zero,PASS,0.002,
FT-049,FT,backend,backend.tests.test_corpus_report,test_distinct_tasks_are_reported_available_and_verified_separately,PASS,0.002,
FT-050,FT,backend,backend.tests.test_corpus_report,test_distinct_tasks_are_reported_separately_from_sessions,PASS,0.002,
FT-051,FT,backend,backend.tests.test_corpus_report,test_no_cost_is_reported_without_cost_data,PASS,0.002,
FT-052,FT,backend,backend.tests.test_corpus_report,test_records_without_a_task_label_are_reported_as_untagged,PASS,0.002,
FT-053,FT,backend,backend.tests.test_corpus_report,test_several_tasks_are_counted_distinctly,PASS,0.002,
FT-054,FT,backend,backend.tests.test_corpus_report,test_the_batch_labels_each_record_with_its_task,PASS,0.024,
FT-055,FT,backend,backend.tests.test_corpus_report,test_the_report_states_correction_effort,PASS,0.002,
FT-056,FT,backend,backend.tests.test_corpus_report,test_the_report_states_the_conformance_distribution,PASS,0.002,
FT-057,FT,backend,backend.tests.test_corpus_report,test_the_report_states_the_population_and_every_exclusion_with_its_reason,PASS,0.002,
FT-058,FT,backend,backend.tests.test_corpus_report,test_the_session_prefix_keys_both_the_record_and_the_cost,PASS,0.002,
FT-059,FT,backend,backend.tests.test_corpus_report,test_unverified_sessions_do_not_enter_the_conformance_distribution,PASS,0.002,
FT-060,FT,backend,backend.tests.test_corpus_report,test_unverified_sessions_do_not_enter_the_success_rate,PASS,0.003,
FT-061,FT,backend,backend.tests.test_diagnostic_record,test_a_blocked_session_still_records_what_was_found,PASS,0.010,
FT-062,FT,backend,backend.tests.test_diagnostic_record,test_a_clean_set_is_evaluable_and_scores_full,PASS,0.005,
FT-063,FT,backend,backend.tests.test_diagnostic_record,test_a_first_attempt_success_records_a_passing_verdict,PASS,0.031,
FT-064,FT,backend,backend.tests.test_diagnostic_record,test_a_session_that_blocked_before_the_sandbox_is_not_verified,PASS,0.009,
FT-065,FT,backend,backend.tests.test_diagnostic_record,test_a_session_with_no_artifacts_records_as_not_evaluable_not_as_clean,PASS,0.009,
FT-066,FT,backend,backend.tests.test_diagnostic_record,test_a_set_with_findings_is_evaluable_and_flagged,PASS,0.005,
FT-067,FT,backend,backend.tests.test_diagnostic_record,test_a_stage_with_no_verdict_is_not_reported_as_passed,PASS,0.006,
FT-068,FT,backend,backend.tests.test_diagnostic_record,test_a_table_created_before_a_column_existed_is_repaired,PASS,0.013,
FT-069,FT,backend,backend.tests.test_diagnostic_record,test_a_test_stage_exhaustion_records_the_prior_artifacts_and_their_rules,PASS,0.048,
FT-070,FT,backend,backend.tests.test_diagnostic_record,test_a_verified_session_is_not_marked,PASS,0.010,
FT-071,FT,backend,backend.tests.test_diagnostic_record,test_a_write_succeeds_on_whatever_engine_the_session_is_bound_to,PASS,0.010,
FT-072,FT,backend,backend.tests.test_diagnostic_record,test_an_unverified_session_is_marked_whatever_it_scored,PASS,0.010,
FT-073,FT,backend,backend.tests.test_diagnostic_record,test_attribution_reads_a_missing_or_empty_journal_without_raising,PASS,0.005,
FT-074,FT,backend,backend.tests.test_diagnostic_record,test_ensure_schema_is_idempotent,PASS,0.010,
FT-075,FT,backend,backend.tests.test_diagnostic_record,test_findings_are_attributed_to_the_stage_that_introduced_them,PASS,0.005,
FT-076,FT,backend,backend.tests.test_diagnostic_record,test_nothing_to_evaluate_is_not_recorded_as_clean,PASS,0.006,
FT-077,FT,backend,backend.tests.test_diagnostic_record,test_stage_exhaustion_preserves_the_artifacts_earlier_stages_persisted,PASS,0.075,
FT-078,FT,backend,backend.tests.test_diagnostic_record,test_the_graph_accumulator_preserves_artifacts_when_a_stage_exhausts,PASS,0.063,
FT-079,FT,backend,backend.tests.test_diagnostic_record,test_the_record_names_the_rule_the_artifact_and_the_severity,PASS,0.010,
FT-080,FT,backend,backend.tests.test_diagnostic_record,test_the_sequential_pipeline_terminates_and_records_a_stage_exhaustion,PASS,0.878,
FT-081,FT,backend,backend.tests.test_diagnostic_record,test_the_three_states_are_distinguishable_after_round_trip,PASS,0.017,
FT-082,FT,backend,backend.tests.test_diagnostic_record,test_two_records_over_identical_artifacts_are_identical,PASS,0.013,
FT-083,FT,backend,backend.tests.test_e2e_flow,test_full_unified_orchestration_e2e,PASS,9.394,
FT-084,FT,backend,backend.tests.test_e2e_flow,test_quickstart_feature_005_e2e,PASS,0.069,
FT-085,FT,backend,backend.tests.test_e2e_flow,test_scenario_1_dual_ingestion,PASS,0.022,
FT-086,FT,backend,backend.tests.test_e2e_flow,test_scenario_2_autonomous_generation_and_export,PASS,0.609,
FT-087,FT,backend,backend.tests.test_e2e_flow,test_system_healthz,PASS,0.006,
FT-088,FT,backend,backend.tests.test_generation_stage_measurement,test_fr008_fallback_marked_sessions_are_excluded,PASS,0.002,
FT-089,FT,backend,backend.tests.test_generation_stage_measurement,test_fr008_unmarked_population_is_unaffected,PASS,0.002,
FT-090,FT,backend,backend.tests.test_generation_stage_measurement,test_measure_sc011_intervention_rate,PASS,0.829,
FT-091,FT,backend,backend.tests.test_generation_stage_measurement,test_measure_us1_against_frozen_baseline,PASS,0.097,
FT-092,FT,backend,backend.tests.test_generation_stage_measurement,test_measured_population_reports_its_exclusion_count,PASS,0.002,
FT-093,FT,backend,backend.tests.test_generation_stages_model,test_absent_project_wide_artifact_is_surfaced_at_session_level,PASS,0.011,
FT-094,FT,backend,backend.tests.test_generation_stages_model,test_adapter_deduplicates_same_rule_and_unions_sources,PASS,0.002,
FT-095,FT,backend,backend.tests.test_generation_stages_model,test_adapter_invokes_both_validator_families,PASS,0.003,
FT-096,FT,backend,backend.tests.test_generation_stages_model,test_adapter_keeps_the_strictest_severity_on_collision,PASS,0.002,
FT-097,FT,backend,backend.tests.test_generation_stages_model,test_adversarial_contract_immutability_persists_nothing,PASS,0.012,
FT-098,FT,backend,backend.tests.test_generation_stages_model,test_adversarial_embedded_credential_persists_nothing,PASS,0.010,
FT-099,FT,backend,backend.tests.test_generation_stages_model,test_adversarial_layer_isolation_persists_nothing,PASS,0.011,
FT-100,FT,backend,backend.tests.test_generation_stages_model,test_adversarial_missing_error_handler_is_accumulated_not_charged,PASS,0.012,
FT-101,FT,backend,backend.tests.test_generation_stages_model,test_adversarial_prohibited_annotation_persists_nothing,PASS,0.011,
FT-102,FT,backend,backend.tests.test_generation_stages_model,test_adversarial_unlisted_dependency_persists_nothing,PASS,0.013,
FT-103,FT,backend,backend.tests.test_generation_stages_model,test_allowlist_file_loads_and_is_outside_instructions_dir,PASS,0.002,
FT-104,FT,backend,backend.tests.test_generation_stages_model,test_allowlist_rule_fires_on_unlisted_dependency,PASS,0.002,
FT-105,FT,backend,backend.tests.test_generation_stages_model,test_allowlist_rule_flags_malformed_pom,PASS,0.002,
FT-106,FT,backend,backend.tests.test_generation_stages_model,test_allowlist_rule_passes_on_allowlisted_dependency,PASS,0.002,
FT-107,FT,backend,backend.tests.test_generation_stages_model,test_allowlist_rule_rejects_additional_remote_repository,PASS,0.005,
FT-108,FT,backend,backend.tests.test_generation_stages_model,test_allowlist_rule_rejects_non_deterministic_version_selectors,PASS,0.002,
FT-109,FT,backend,backend.tests.test_generation_stages_model,test_budget_guard_refuses_a_request_beyond_the_documented_maximum,PASS,0.004,
FT-110,FT,backend,backend.tests.test_generation_stages_model,test_clean_artifact_set_passes,PASS,0.002,
FT-111,FT,backend,backend.tests.test_generation_stages_model,test_credential_rule_flags_embedded_secret,PASS,0.002,
FT-112,FT,backend,backend.tests.test_generation_stages_model,test_credential_rule_is_part_of_the_verdict,PASS,0.004,
FT-113,FT,backend,backend.tests.test_generation_stages_model,test_credentials_never_reach_the_journal_provenance_or_artifacts,PASS,0.009,
FT-114,FT,backend,backend.tests.test_generation_stages_model,test_declared_constraints_reach_generated_entity_artifacts,PASS,0.013,
FT-115,FT,backend,backend.tests.test_generation_stages_model,test_declared_constraints_reach_the_model_request,PASS,0.012,
FT-116,FT,backend,backend.tests.test_generation_stages_model,test_declared_scenarios_reach_generated_test_artifacts,PASS,0.012,
FT-117,FT,backend,backend.tests.test_generation_stages_model,test_deterministic_provenance_records_no_model_identity,PASS,0.010,
FT-118,FT,backend,backend.tests.test_generation_stages_model,test_every_model_stage_calls_get_chat_model_directly,PASS,0.418,
FT-119,FT,backend,backend.tests.test_generation_stages_model,test_exhausted_session_retains_the_full_correction_history,PASS,0.018,
FT-120,FT,backend,backend.tests.test_generation_stages_model,test_exhaustion_reaches_the_same_terminal_state_as_the_repair_loop,PASS,0.012,
FT-121,FT,backend,backend.tests.test_generation_stages_model,test_exhaustion_uses_exactly_two_correction_attempts,PASS,0.012,
FT-122,FT,backend,backend.tests.test_generation_stages_model,test_fenced_block_with_a_path_is_extracted,PASS,0.009,
FT-123,FT,backend,backend.tests.test_generation_stages_model,test_five_exhausting_stages_reach_exactly_the_session_ceiling,PASS,0.046,
FT-124,FT,backend,backend.tests.test_generation_stages_model,test_generation_exhaustion_does_not_touch_the_sandbox_repair_budget,PASS,0.012,
FT-125,FT,backend,backend.tests.test_generation_stages_model,test_journal_is_persisted_on_the_success_path,PASS,0.022,
FT-126,FT,backend,backend.tests.test_generation_stages_model,test_journal_is_persisted_when_a_stage_raises,PASS,0.015,
FT-127,FT,backend,backend.tests.test_generation_stages_model,test_local_violations_do_reject_and_are_returned,PASS,0.007,
FT-128,FT,backend,backend.tests.test_generation_stages_model,test_model_session_never_transitions_to_deterministic,PASS,0.018,
FT-129,FT,backend,backend.tests.test_generation_stages_model,test_no_unbounded_retries_on_a_permanently_non_compliant_response,PASS,0.014,
FT-130,FT,backend,backend.tests.test_generation_stages_model,test_oscillating_violations_are_both_retained,PASS,0.011,
FT-131,FT,backend,backend.tests.test_generation_stages_model,test_out_of_scope_paths_are_rejected,PASS,0.009,
FT-132,FT,backend,backend.tests.test_generation_stages_model,test_oversized_payload_blocks_without_persisting,PASS,0.008,
FT-133,FT,backend,backend.tests.test_generation_stages_model,test_paired_blueprints_produce_differing_requests,PASS,0.016,
FT-134,FT,backend,backend.tests.test_generation_stages_model,test_partial_candidate_set_is_rejected,PASS,0.014,
FT-135,FT,backend,backend.tests.test_generation_stages_model,test_payload_includes_only_prior_stage_artifacts,PASS,0.003,
FT-136,FT,backend,backend.tests.test_generation_stages_model,test_provenance_is_complete_for_every_generated_artifact,PASS,0.009,
FT-137,FT,backend,backend.tests.test_generation_stages_model,test_session_never_exceeds_the_request_budget,PASS,0.045,
FT-138,FT,backend,backend.tests.test_generation_stages_model,test_stage_that_cannot_satisfy_the_whole_project_rule_is_not_rejected,PASS,0.011,
FT-139,FT,backend,backend.tests.test_generation_stages_model,test_unextractable_responses_persist_nothing[   \n  ],PASS,0.009,
FT-140,FT,backend,backend.tests.test_generation_stages_model,test_unextractable_responses_persist_nothing[I'm afraid I can't help with that.],PASS,0.009,
FT-141,FT,backend,backend.tests.test_generation_stages_model,test_unextractable_responses_persist_nothing[],PASS,0.011,
FT-142,FT,backend,backend.tests.test_generation_stages_model,test_unextractable_responses_persist_nothing[```java src/main/java/x/A.java\npublic class A {}\n],PASS,0.010,
FT-143,FT,backend,backend.tests.test_generation_stages_model,"test_unextractable_responses_persist_nothing[{""artifacts"": []}]",PASS,0.010,
FT-144,FT,backend,backend.tests.test_generation_stages_model,test_well_formed_response_is_persisted,PASS,0.012,
FT-145,FT,backend,backend.tests.test_generation_stages_model,test_whole_project_rule_does_not_fire_without_java_files,PASS,0.011,
FT-146,FT,backend,backend.tests.test_generation_stages_model,test_whole_project_rule_is_accumulated_not_local,PASS,0.004,
FT-147,FT,backend,backend.tests.test_generation_stages_offline,test_offline_comparison_subset_content_is_identical,PASS,0.054,
FT-148,FT,backend,backend.tests.test_generation_stages_offline,test_offline_journal_records_no_corrections_and_no_requests,PASS,0.055,
FT-149,FT,backend,backend.tests.test_generation_stages_offline,test_offline_output_matches_frozen_baseline,PASS,0.081,
FT-150,FT,backend,backend.tests.test_generation_stages_offline,test_offline_provenance_has_no_provider_or_model,PASS,0.012,
FT-151,FT,backend,backend.tests.test_generation_stages_offline,test_offline_sessions_require_no_credentials,PASS,0.015,
FT-152,FT,backend,backend.tests.test_historical_baseline,test_candidate_domain_evaluation,PASS,0.007,
FT-153,FT,backend,backend.tests.test_historical_baseline,test_constitutional_violations_count,PASS,0.021,
FT-154,FT,backend,backend.tests.test_historical_baseline,test_corrupted_database_file,PASS,0.004,
FT-155,FT,backend,backend.tests.test_historical_baseline,test_domain_evaluation_unobserved,PASS,0.003,
FT-156,FT,backend,backend.tests.test_historical_baseline,test_empty_database_handling,PASS,0.005,
FT-157,FT,backend,backend.tests.test_historical_baseline,test_fetch_sessions_introspects_schema,PASS,0.006,
FT-158,FT,backend,backend.tests.test_historical_baseline,test_full_markdown_report_formatting,PASS,0.009,
FT-159,FT,backend,backend.tests.test_historical_baseline,test_json_telemetry_schema,PASS,0.008,
FT-160,FT,backend,backend.tests.test_historical_baseline,test_missing_database_file,PASS,0.003,
FT-161,FT,backend,backend.tests.test_historical_baseline,test_outcome_metrics_calculation,PASS,0.007,
FT-162,FT,backend,backend.tests.test_historical_baseline,test_readonly_connection_enforcement,PASS,0.006,
FT-163,FT,backend,backend.tests.test_historical_baseline,test_regex_diagnostic_extraction,PASS,0.004,
FT-164,FT,backend,backend.tests.test_historical_baseline,test_repair_loop_metrics_calculation,PASS,0.007,
FT-165,FT,backend,backend.tests.test_inference_engine,test_catalog_build_tool_default,PASS,0.003,
FT-166,FT,backend,backend.tests.test_inference_engine,test_catalog_hexagonal_modules,PASS,0.002,
FT-167,FT,backend,backend.tests.test_inference_engine,test_catalog_profiles,PASS,0.002,
FT-168,FT,backend,backend.tests.test_inference_engine,test_catalog_unknown_profile_raises,PASS,0.003,
FT-169,FT,backend,backend.tests.test_inference_engine,test_infer_build_tool_preference,PASS,0.002,
FT-170,FT,backend,backend.tests.test_inference_engine,test_infer_default_no_interface,PASS,0.003,
FT-171,FT,backend,backend.tests.test_inference_engine,test_infer_document_degrades_to_postgres,PASS,0.002,
FT-172,FT,backend,backend.tests.test_inference_engine,test_infer_explicit_hexagonal,PASS,0.002,
FT-173,FT,backend,backend.tests.test_inference_engine,test_infer_hexagonal_from_messaging,PASS,0.002,
FT-174,FT,backend,backend.tests.test_inference_engine,test_infer_high_volume_postgres,PASS,0.003,
FT-175,FT,backend,backend.tests.test_inference_engine,test_infer_layered_from_crud,PASS,0.003,
FT-176,FT,backend,backend.tests.test_inference_engine,test_infer_libraries_are_allowlisted,PASS,0.002,
FT-177,FT,backend,backend.tests.test_inference_engine,test_infer_low_volume_h2,PASS,0.002,
FT-178,FT,backend,backend.tests.test_inference_engine,test_infer_reasons_recorded,PASS,0.002,
FT-179,FT,backend,backend.tests.test_instruction_arms,test_every_arm_loads_and_has_a_distinct_revision,PASS,0.019,
FT-180,FT,backend,backend.tests.test_instruction_arms,test_only_the_rules_section_differs_from_control,PASS,0.010,
FT-181,FT,backend,backend.tests.test_instruction_arms,test_the_mismatched_arm_uses_a_different_stages_rules,PASS,0.012,
FT-182,FT,backend,backend.tests.test_instruction_arms,test_the_placebo_constrains_nothing,PASS,0.003,
FT-183,FT,backend,backend.tests.test_instruction_arms,test_the_placebo_is_length_matched_to_the_treatment,PASS,0.009,
FT-184,FT,backend,backend.tests.test_instruction_arms,test_the_prohibition_arm_inverts_polarity_rather_than_adding_rules,PASS,0.003,
FT-185,FT,backend,backend.tests.test_instruction_experiment_analysis,test_a_task_counts_as_a_win_only_on_its_pooled_rate,PASS,0.003,
FT-186,FT,backend,backend.tests.test_instruction_experiment_analysis,test_beating_control_but_not_placebo_is_reported_as_priming,PASS,0.003,
FT-187,FT,backend,backend.tests.test_instruction_experiment_analysis,test_fewer_than_six_tasks_is_reported_as_insufficient,PASS,0.003,
FT-188,FT,backend,backend.tests.test_instruction_experiment_analysis,test_no_separation_is_reported_as_no_difference_not_as_a_trend,PASS,0.003,
FT-189,FT,backend,backend.tests.test_instruction_experiment_analysis,test_repeats_are_pooled_into_a_rate_and_the_task_is_the_unit,PASS,0.003,
FT-190,FT,backend,backend.tests.test_instruction_experiment_analysis,test_the_sign_test_matches_the_arithmetic_floor,PASS,0.003,
FT-191,FT,backend,backend.tests.test_instruction_experiment_analysis,test_unanimous_prohibition_beats_both_arms_is_supported,PASS,0.003,
FT-192,FT,backend,backend.tests.test_llm_factory,test_deepseek_models_are_registered,PASS,0.002,
FT-193,FT,backend,backend.tests.test_llm_factory,test_deprecated_model_fallbacks,PASS,0.003,
FT-194,FT,backend,backend.tests.test_llm_factory,test_detect_provider_ambiguous_environment_raises,PASS,0.002,
FT-195,FT,backend,backend.tests.test_llm_factory,test_detect_provider_deepseek_from_environment,PASS,0.002,
FT-196,FT,backend,backend.tests.test_llm_factory,test_detect_provider_explicit,PASS,0.003,
FT-197,FT,backend,backend.tests.test_llm_factory,test_detect_provider_explicit_deepseek,PASS,0.002,
FT-198,FT,backend,backend.tests.test_llm_factory,test_detect_provider_heuristics,PASS,0.003,
FT-199,FT,backend,backend.tests.test_llm_factory,test_detect_provider_mock_keys,PASS,0.003,
FT-200,FT,backend,backend.tests.test_llm_factory,test_detect_provider_sk_still_defaults_to_openai_without_deepseek_env,PASS,0.002,
FT-201,FT,backend,backend.tests.test_llm_factory,test_get_chat_model_deepseek_uses_deepseek_base_url,PASS,0.004,
FT-202,FT,backend,backend.tests.test_llm_factory,test_get_chat_model_gemini,PASS,0.114,
FT-203,FT,backend,backend.tests.test_llm_factory,test_get_chat_model_gemini_custom,PASS,0.023,
FT-204,FT,backend,backend.tests.test_llm_factory,test_get_chat_model_groq,PASS,0.175,
FT-205,FT,backend,backend.tests.test_llm_factory,test_get_chat_model_groq_custom,PASS,0.013,
FT-206,FT,backend,backend.tests.test_llm_factory,test_get_chat_model_mock,PASS,0.004,
FT-207,FT,backend,backend.tests.test_llm_factory,test_get_chat_model_openai,PASS,0.088,
FT-208,FT,backend,backend.tests.test_measure_shape,test_an_absent_baseline_forgives_nothing,PASS,0.003,
FT-209,FT,backend,backend.tests.test_measure_shape,test_density_is_improved_by_padding_the_artifact_set,PASS,0.002,
FT-210,FT,backend,backend.tests.test_measure_shape,test_diagnose_charges_only_findings_beyond_the_baseline,PASS,0.002,
FT-211,FT,backend,backend.tests.test_measure_shape,test_size_floor_is_reported_rather_than_enforced,PASS,0.003,
FT-212,FT,backend,backend.tests.test_measure_shape,test_the_absolute_new_penalty_cannot_be_moved_by_artifact_count,PASS,0.002,
FT-213,FT,backend,backend.tests.test_measure_shape,test_the_allowance_is_consumed_in_order_so_results_are_deterministic,PASS,0.002,
FT-214,FT,backend,backend.tests.test_measure_shape,test_the_baseline_forgives_exactly_its_allowance_per_rule,PASS,0.003,
FT-215,FT,backend,backend.tests.test_multi_module,test_base_package_finds_application_in_module,PASS,0.003,
FT-216,FT,backend,backend.tests.test_multi_module,test_domain_stage_writes_into_model_module,PASS,0.002,
FT-217,FT,backend,backend.tests.test_multi_module,test_find_application_returns_module_prefix,PASS,0.003,
FT-218,FT,backend,backend.tests.test_multi_module,test_h2_uses_correct_group_id,PASS,0.002,
FT-219,FT,backend,backend.tests.test_multi_module,test_hexagonal_is_multi_module,PASS,0.002,
FT-220,FT,backend,backend.tests.test_multi_module,test_layered_is_single_module,PASS,0.002,
FT-221,FT,backend,backend.tests.test_multi_module,test_module_prefix_mapping,PASS,0.002,
FT-222,FT,backend,backend.tests.test_multi_module,test_reactor_child_poms_present,PASS,0.002,
FT-223,FT,backend,backend.tests.test_multi_module,test_reactor_module_dependency_graph,PASS,0.002,
FT-224,FT,backend,backend.tests.test_multi_module,test_reactor_parent_pom,PASS,0.002,
FT-225,FT,backend,backend.tests.test_multi_module,test_repository_types_finds_repo_in_service_module,PASS,0.007,
FT-226,FT,backend,backend.tests.test_multi_module,test_scaffolder_emits_reactor_for_hexagonal,PASS,0.003,
FT-227,FT,backend,backend.tests.test_multi_module,test_scaffolder_single_module_when_layered,PASS,0.002,
FT-228,FT,backend,backend.tests.test_naming_conventions,test_constants_exempt,PASS,0.002,
FT-229,FT,backend,backend.tests.test_naming_conventions,test_dto_with_request_suffix_clean,PASS,0.002,
FT-230,FT,backend,backend.tests.test_naming_conventions,test_dto_without_suffix_flagged,PASS,0.002,
FT-231,FT,backend,backend.tests.test_naming_conventions,test_entity_not_pascal_flagged,PASS,0.003,
FT-232,FT,backend,backend.tests.test_naming_conventions,test_entity_pascal_singular_clean,PASS,0.002,
FT-233,FT,backend,backend.tests.test_naming_conventions,test_entity_plural_flagged,PASS,0.002,
FT-234,FT,backend,backend.tests.test_naming_conventions,test_field_camel_case_clean,PASS,0.003,
FT-235,FT,backend,backend.tests.test_naming_conventions,test_field_snake_case_flagged,PASS,0.002,
FT-236,FT,backend,backend.tests.test_naming_conventions,test_naming_surfaces_in_diagnose,PASS,0.003,
FT-237,FT,backend,backend.tests.test_naming_conventions,test_plural_allowlist_not_flagged,PASS,0.002,
FT-238,FT,backend,backend.tests.test_new_penalty_wiring,test_a_measured_new_penalty_round_trips,PASS,0.007,
FT-239,FT,backend,backend.tests.test_new_penalty_wiring,test_a_real_zero_is_preserved_as_measured_clean,PASS,0.006,
FT-240,FT,backend,backend.tests.test_new_penalty_wiring,test_an_unmeasured_new_penalty_stays_unmeasured_rather_than_becoming_clean,PASS,0.006,
FT-241,FT,backend,backend.tests.test_new_penalty_wiring,test_padding_cannot_improve_the_measure_that_is_now_used,PASS,0.002,
FT-242,FT,backend,backend.tests.test_new_penalty_wiring,test_the_contribution_measure_prefers_new_penalty_over_density,PASS,0.002,
FT-243,FT,backend,backend.tests.test_new_penalty_wiring,test_the_report_counts_measured_and_unmeasured_separately,PASS,0.009,
FT-244,FT,backend,backend.tests.test_optimizer_gate,test_a_constant_measure_fails_the_gate_even_when_builds_vary,PASS,0.002,
FT-245,FT,backend,backend.tests.test_optimizer_gate,test_a_constant_outcome_fails_the_gate_even_when_the_measure_varies,PASS,0.002,
FT-246,FT,backend,backend.tests.test_optimizer_gate,test_a_task_varies_only_when_its_own_runs_disagreed,PASS,0.002,
FT-247,FT,backend,backend.tests.test_optimizer_gate,test_records_without_a_build_outcome_are_not_evidence,PASS,0.002,
FT-248,FT,backend,backend.tests.test_optimizer_gate,test_repeats_of_one_task_are_not_counted_as_a_larger_sample,PASS,0.002,
FT-249,FT,backend,backend.tests.test_optimizer_gate,test_the_gate_passes_only_when_both_vary,PASS,0.002,
FT-250,FT,backend,backend.tests.test_platform_verification,test_absence_of_preconditions_is_reported_as_none,PASS,0.004,
FT-251,FT,backend,backend.tests.test_platform_verification,test_injection_is_a_no_op_when_it_cannot_verify,PASS,0.003,
FT-252,FT,backend,backend.tests.test_platform_verification,test_injection_writes_the_file_into_the_workspace,PASS,0.005,
FT-253,FT,backend,backend.tests.test_platform_verification,test_repository_types_are_discovered_with_their_package,PASS,0.004,
FT-254,FT,backend,backend.tests.test_platform_verification,test_stripping_reports_nothing_when_there_is_nothing_to_strip,PASS,0.003,
FT-255,FT,backend,backend.tests.test_platform_verification,test_the_base_package_is_read_from_the_generated_entry_point,PASS,0.003,
FT-256,FT,backend,backend.tests.test_platform_verification,test_the_contract_test_validates_rather_than_generates_the_schema,PASS,0.004,
FT-257,FT,backend,backend.tests.test_platform_verification,test_the_test_never_uses_a_generated_or_placeholder_assertion,PASS,0.003,
FT-258,FT,backend,backend.tests.test_platform_verification,test_vcs_metadata_is_stripped,PASS,0.003,
FT-259,FT,backend,backend.tests.test_qe_api_surface,test_a_scenario_shorter_than_the_contract_allows_is_rejected,PASS,0.010,
FT-260,FT,backend,backend.tests.test_qe_api_surface,test_an_invalid_request_body_gets_the_400_envelope_from_the_live_app,PASS,0.007,
FT-261,FT,backend,backend.tests.test_qe_api_surface,test_reading_requirements_for_an_unknown_session_is_a_404,PASS,0.009,
FT-262,FT,backend,backend.tests.test_qe_api_surface,test_reading_requirements_returns_the_prompt_and_the_stored_stories,PASS,0.012,
FT-263,FT,backend,backend.tests.test_qe_api_surface,test_reading_requirements_tolerates_a_corrupt_stories_file,PASS,0.009,
FT-264,FT,backend,backend.tests.test_qe_api_surface,test_reading_requirements_without_files_reports_no_draft,PASS,0.011,
FT-265,FT,backend,backend.tests.test_qe_api_surface,test_saving_requirements_persists_the_draft_and_reports_the_count,PASS,0.015,
FT-266,FT,backend,backend.tests.test_qe_api_surface,test_saving_requirements_without_a_markdown_spec_leaves_the_file_absent,PASS,0.014,
FT-267,FT,backend,backend.tests.test_qe_api_surface,test_the_generic_handler_also_logs_the_traceback,PASS,0.003,
FT-268,FT,backend,backend.tests.test_qe_api_surface,test_the_generic_handler_returns_the_documented_500_envelope,PASS,0.004,
FT-269,FT,backend,backend.tests.test_qe_api_surface,test_the_handler_still_answers_when_the_request_object_is_unusable,PASS,0.004,
FT-270,FT,backend,backend.tests.test_qe_api_surface,test_the_health_endpoint_reports_the_app_identity,PASS,0.006,
FT-271,FT,backend,backend.tests.test_qe_api_surface,test_the_offline_decomposition_ignores_the_prompt_and_declares_itself,PASS,0.002,
FT-272,FT,backend,backend.tests.test_qe_api_surface,test_the_validation_handler_returns_the_documented_400_envelope,PASS,0.002,
FT-273,FT,backend,backend.tests.test_qe_structured_output_fallback,test_a_native_success_never_reaches_the_fallback,PASS,0.002,
FT-274,FT,backend,backend.tests.test_qe_structured_output_fallback,test_a_rate_limit_is_not_treated_as_an_unsupported_parameter,PASS,0.003,
FT-275,FT,backend,backend.tests.test_qe_structured_output_fallback,test_a_rejected_response_format_falls_back_to_prompt_json,PASS,0.006,
FT-276,FT,backend,backend.tests.test_qe_structured_output_fallback,test_a_response_with_no_json_is_an_error,PASS,0.003,
FT-277,FT,backend,backend.tests.test_qe_structured_output_fallback,test_an_empty_response_is_an_error_not_an_empty_object,PASS,0.004,
FT-278,FT,backend,backend.tests.test_qe_structured_output_fallback,test_an_outage_is_not_treated_as_an_unsupported_parameter,PASS,0.002,
FT-279,FT,backend,backend.tests.test_qe_structured_output_fallback,test_an_unrelated_error_is_NOT_swallowed,PASS,0.002,
FT-280,FT,backend,backend.tests.test_qe_structured_output_fallback,test_extract_handles_a_nested_object_with_braces_in_strings,PASS,0.003,
FT-281,FT,backend,backend.tests.test_qe_structured_output_fallback,test_json_that_does_not_match_the_schema_is_rejected,PASS,0.003,
FT-282,FT,backend,backend.tests.test_qe_structured_output_fallback,test_no_service_calls_with_structured_output_directly,PASS,0.027,
FT-283,FT,backend,backend.tests.test_qe_structured_output_fallback,test_the_fallback_asks_for_the_schema_in_the_prompt,PASS,0.003,
FT-284,FT,backend,backend.tests.test_qe_structured_output_fallback,"test_the_fallback_tolerates_the_encodings_a_model_actually_returns[Here is the result:\n```\n{""serviceName"": ""a""}\n```\nHope that helps.]",PASS,0.004,
FT-285,FT,backend,backend.tests.test_qe_structured_output_fallback,"test_the_fallback_tolerates_the_encodings_a_model_actually_returns[Sure! {""serviceName"": ""a""} \u2014 done.]",PASS,0.003,
FT-286,FT,backend,backend.tests.test_qe_structured_output_fallback,"test_the_fallback_tolerates_the_encodings_a_model_actually_returns[```json\n{""serviceName"": ""a""}\n```]",PASS,0.004,
FT-287,FT,backend,backend.tests.test_qe_structured_output_fallback,"test_the_fallback_tolerates_the_encodings_a_model_actually_returns[{""serviceName"": ""a""}]",PASS,0.003,
FT-288,FT,backend,backend.tests.test_qe_structured_output_fallback,test_the_requirements_transform_works_against_a_provider_that_rejects_the_parameter,PASS,0.010,
FT-289,FT,backend,backend.tests.test_response_contract,test_a_block_whose_file_cannot_be_named_fails_closed,PASS,0.002,
FT-290,FT,backend,backend.tests.test_response_contract,test_a_complete_json_map_inside_an_unclosed_fence_is_recovered,PASS,0.002,
FT-291,FT,backend,backend.tests.test_response_contract,test_a_json_object_without_artifacts_fails_closed,PASS,0.002,
FT-292,FT,backend,backend.tests.test_response_contract,test_a_mixed_response_parses,PASS,0.003,
FT-293,FT,backend,backend.tests.test_response_contract,test_a_non_string_artifact_value_fails_closed,PASS,0.003,
FT-294,FT,backend,backend.tests.test_response_contract,test_a_path_hint_does_not_reach_back_past_an_unrelated_line,PASS,0.002,
FT-295,FT,backend,backend.tests.test_response_contract,test_a_truncated_payload_inside_an_unclosed_fence_fails_closed,PASS,0.003,
FT-296,FT,backend,backend.tests.test_response_contract,test_an_unsafe_path_in_the_json_map_fails_closed,PASS,0.002,
FT-297,FT,backend,backend.tests.test_response_contract,test_bare_json_still_parses,PASS,0.003,
FT-298,FT,backend,backend.tests.test_response_contract,test_code_blocks_with_the_path_in_a_heading_parse,PASS,0.002,
FT-299,FT,backend,backend.tests.test_response_contract,test_empty_and_whitespace_responses_fail_closed,PASS,0.003,
FT-300,FT,backend,backend.tests.test_response_contract,test_fenced_json_parses,PASS,0.002,
FT-301,FT,backend,backend.tests.test_response_contract,test_path_on_the_fence_line_still_parses,PASS,0.002,
FT-302,FT,backend,backend.tests.test_response_contract,test_prose_containing_braces_before_the_payload_parses,PASS,0.004,
FT-303,FT,backend,backend.tests.test_response_contract,test_prose_wrapped_fenced_json_parses,PASS,0.002,
FT-304,FT,backend,backend.tests.test_response_contract,test_prose_wrapped_json_parses,PASS,0.002,
FT-305,FT,backend,backend.tests.test_response_contract,test_the_request_states_the_response_format,PASS,0.003,
FT-306,FT,backend,backend.tests.test_response_contract,test_truncated_json_fails_closed,PASS,0.002,
FT-307,FT,backend,backend.tests.test_routes_llm,test_verify_llm_connected_mocked,PASS,0.009,
FT-308,FT,backend,backend.tests.test_routes_llm,test_verify_llm_empty_key,PASS,0.007,
FT-309,FT,backend,backend.tests.test_routes_llm,test_verify_llm_error_handling,PASS,0.008,
FT-310,FT,backend,backend.tests.test_routes_llm,test_verify_llm_mock_mode,PASS,0.009,
FT-311,FT,backend,backend.tests.test_scaffolder_plan,test_emitted_bytes_unchanged_without_interface,PASS,0.003,
FT-312,FT,backend,backend.tests.test_scaffolder_plan,test_hexagonal_preference_records_modules,PASS,0.004,
FT-313,FT,backend,backend.tests.test_scaffolder_plan,test_high_volume_materializes_postgres_profile,PASS,0.003,
FT-314,FT,backend,backend.tests.test_scaffolder_plan,test_high_volume_records_postgres_plan,PASS,0.003,
FT-315,FT,backend,backend.tests.test_scaffolder_plan,test_low_volume_does_not_materialize_postgres,PASS,0.003,
FT-316,FT,backend,backend.tests.test_scaffolder_plan,test_no_interface_records_no_plan,PASS,0.003,
FT-317,FT,backend,backend.tests.test_skill_contribution,test_a_raising_runner_abandons_the_measurement,PASS,0.003,
FT-318,FT,backend,backend.tests.test_skill_contribution,test_a_task_evaluable_in_one_arm_only_is_excluded_from_both,PASS,0.003,
FT-319,FT,backend,backend.tests.test_skill_contribution,test_an_empty_task_set_is_insufficient_and_has_no_delta,PASS,0.003,
FT-320,FT,backend,backend.tests.test_skill_contribution,test_both_arms_run_the_identical_task_set,PASS,0.003,
FT-321,FT,backend,backend.tests.test_skill_contribution,test_insufficient_evidence_never_removes_even_when_the_delta_is_negative,PASS,0.003,
FT-322,FT,backend,backend.tests.test_skill_contribution,test_insufficient_evidence_reports_itself_and_never_an_improvement,PASS,0.003,
FT-323,FT,backend,backend.tests.test_skill_contribution,test_min_detectable_effect_matches_the_documented_floor[0-None],PASS,0.003,
FT-324,FT,backend,backend.tests.test_skill_contribution,test_min_detectable_effect_matches_the_documented_floor[10-0.9],PASS,0.003,
FT-325,FT,backend,backend.tests.test_skill_contribution,test_min_detectable_effect_matches_the_documented_floor[4-None],PASS,0.003,
FT-326,FT,backend,backend.tests.test_skill_contribution,test_min_detectable_effect_matches_the_documented_floor[5-None],PASS,0.003,
FT-327,FT,backend,backend.tests.test_skill_contribution,test_min_detectable_effect_matches_the_documented_floor[6-1.0],PASS,0.003,
FT-328,FT,backend,backend.tests.test_skill_contribution,test_repeats_of_one_task_are_counted_once,PASS,0.009,
FT-329,FT,backend,backend.tests.test_skill_contribution,test_sufficient_evidence_above_the_floor_is_retained,PASS,0.002,
FT-330,FT,backend,backend.tests.test_skill_contribution,test_sufficient_evidence_below_the_floor_is_removable,PASS,0.003,
FT-331,FT,backend,backend.tests.test_skill_contribution,test_the_measure_is_higher_is_better_once_inverted,PASS,0.003,
FT-332,FT,backend,backend.tests.test_skillopt_apply,test_a_missing_required_field_is_rejected,PASS,0.003,
FT-333,FT,backend,backend.tests.test_skillopt_apply,test_a_target_that_is_not_found_is_rejected,PASS,0.003,
FT-334,FT,backend,backend.tests.test_skillopt_apply,test_an_edit_targeting_the_protected_region_is_rejected[delete],PASS,0.003,
FT-335,FT,backend,backend.tests.test_skillopt_apply,test_an_edit_targeting_the_protected_region_is_rejected[insert_after],PASS,0.003,
FT-336,FT,backend,backend.tests.test_skillopt_apply,test_an_edit_targeting_the_protected_region_is_rejected[replace],PASS,0.004,
FT-337,FT,backend,backend.tests.test_skillopt_apply,test_an_unknown_operation_is_rejected,PASS,0.003,
FT-338,FT,backend,backend.tests.test_skillopt_apply,test_append_adds_to_the_end_of_the_editable_region,PASS,0.006,
FT-339,FT,backend,backend.tests.test_skillopt_apply,test_content_supplied_for_delete_is_rejected,PASS,0.003,
FT-340,FT,backend,backend.tests.test_skillopt_apply,test_delete_removes_the_target,PASS,0.003,
FT-341,FT,backend,backend.tests.test_skillopt_apply,test_every_edit_rejected_leaves_the_candidate_equal_to_the_original,PASS,0.003,
FT-342,FT,backend,backend.tests.test_skillopt_apply,test_insert_after_places_content_immediately_after_the_target,PASS,0.003,
FT-343,FT,backend,backend.tests.test_skillopt_apply,test_one_bad_edit_does_not_abort_the_batch,PASS,0.003,
FT-344,FT,backend,backend.tests.test_skillopt_apply,test_replace_swaps_the_target,PASS,0.003,
FT-345,FT,backend,backend.tests.test_skillopt_apply,test_the_edit_budget_is_capped,PASS,0.003,
FT-346,FT,backend,backend.tests.test_skillopt_apply,test_the_original_document_is_never_modified,PASS,0.003,
FT-347,FT,backend,backend.tests.test_skillopt_collect,test_a_failed_build_is_a_failure,PASS,0.013,
FT-348,FT,backend,backend.tests.test_skillopt_collect,test_a_fallback_marked_session_is_a_failure_however_its_status_reads,PASS,0.014,
FT-349,FT,backend,backend.tests.test_skillopt_collect,test_collection_order_is_deterministic,PASS,0.019,
FT-350,FT,backend,backend.tests.test_skillopt_collect,test_collects_one_record_per_session_with_the_required_fields,PASS,0.013,
FT-351,FT,backend,backend.tests.test_skillopt_collect,test_no_sessions_is_distinct_from_no_failures,PASS,0.009,
FT-352,FT,backend,backend.tests.test_skillopt_collect,test_the_limit_selects_a_stable_window,PASS,0.012,
FT-353,FT,backend,backend.tests.test_skillopt_document,test_a_document_with_no_title_is_rejected,PASS,0.003,
FT-354,FT,backend,backend.tests.test_skillopt_document,test_a_missing_file_is_rejected,PASS,0.003,
FT-355,FT,backend,backend.tests.test_skillopt_document,test_a_missing_marker_is_rejected[END],PASS,0.003,
FT-356,FT,backend,backend.tests.test_skillopt_document,test_a_missing_marker_is_rejected[START],PASS,0.003,
FT-357,FT,backend,backend.tests.test_skillopt_document,test_a_missing_required_section_is_rejected[## Granularity],PASS,0.003,
FT-358,FT,backend,backend.tests.test_skillopt_document,test_a_missing_required_section_is_rejected[## Rules],PASS,0.003,
FT-359,FT,backend,backend.tests.test_skillopt_document,test_a_missing_required_section_is_rejected[## When to apply],PASS,0.003,
FT-360,FT,backend,backend.tests.test_skillopt_document,test_an_empty_file_is_rejected,PASS,0.003,
FT-361,FT,backend,backend.tests.test_skillopt_document,test_editing_the_editable_text_does_not_touch_the_protected_region,PASS,0.003,
FT-362,FT,backend,backend.tests.test_skillopt_document,test_markers_in_the_wrong_order_are_rejected,PASS,0.003,
FT-363,FT,backend,backend.tests.test_skillopt_document,test_the_protected_region_is_excluded_from_the_editable_text,PASS,0.007,
FT-364,FT,backend,backend.tests.test_skillopt_document,test_the_protected_region_is_preserved_on_serialisation,PASS,0.003,
FT-365,FT,backend,backend.tests.test_skillopt_document,test_the_seed_is_short_enough_to_inject,PASS,0.003,
FT-366,FT,backend,backend.tests.test_skillopt_document,test_the_seed_skill_loads,PASS,0.005,
FT-367,FT,backend,backend.tests.test_skillopt_gate,test_a_fallback_marked_execution_does_not_pass_even_at_exit_code_zero,PASS,0.003,
FT-368,FT,backend,backend.tests.test_skillopt_gate,test_a_strictly_better_candidate_is_accepted,PASS,0.003,
FT-369,FT,backend,backend.tests.test_skillopt_gate,test_a_worse_candidate_is_rejected,PASS,0.003,
FT-370,FT,backend,backend.tests.test_skillopt_gate,test_an_equal_score_is_rejected,PASS,0.003,
FT-371,FT,backend,backend.tests.test_skillopt_gate,test_an_unscorable_execution_is_excluded_not_counted_as_a_failure,PASS,0.003,
FT-372,FT,backend,backend.tests.test_skillopt_gate,test_both_skills_are_scored_on_the_identical_held_out_set,PASS,0.003,
FT-373,FT,backend,backend.tests.test_skillopt_gate,test_disjoint_evidence_scores_normally,PASS,0.003,
FT-374,FT,backend,backend.tests.test_skillopt_gate,test_held_out_is_drawn_from_the_existing_baseline_blueprints,PASS,0.003,
FT-375,FT,backend,backend.tests.test_skillopt_gate,test_overlap_between_training_and_held_out_fails_loudly,PASS,0.004,
FT-376,FT,backend,backend.tests.test_skillopt_gate,test_rotation_moves_the_excluded_blueprint,PASS,0.003,
FT-377,FT,backend,backend.tests.test_skillopt_gate,test_the_held_out_selection_is_deterministic,PASS,0.003,
FT-378,FT,backend,backend.tests.test_skillopt_gate,test_the_score_is_undefined_when_nothing_could_be_scored,PASS,0.003,
FT-379,FT,backend,backend.tests.test_skillopt_iteration,test_a_failing_iteration_leaves_exactly_one_row_carrying_the_error,PASS,0.017,
FT-380,FT,backend,backend.tests.test_skillopt_iteration,test_a_real_iteration_runs_end_to_end,SKIP,0.009,"set AGENTIA_RUN_REAL_SKILLOPT=1 AND AGENTIA_ALLOW_REAL_SPEND=1 to run a real iteration, which spends real money"
FT-381,FT,backend,backend.tests.test_skillopt_iteration,test_a_rejected_iteration_leaves_the_skill_unchanged,PASS,0.018,
FT-382,FT,backend,backend.tests.test_skillopt_iteration,test_an_accepted_iteration_writes_the_candidate,PASS,0.020,
FT-383,FT,backend,backend.tests.test_skillopt_iteration,test_no_failures_stops_without_calling_a_model,PASS,0.018,
FT-384,FT,backend,backend.tests.test_skillopt_iteration,test_no_sessions_stops_without_calling_a_model,PASS,0.015,
FT-385,FT,backend,backend.tests.test_skillopt_iteration,test_one_iteration_reports_the_four_facts_and_writes_one_row,PASS,0.024,
FT-386,FT,backend,backend.tests.test_skillopt_iteration,test_the_rotation_is_deterministic_for_the_same_iteration,PASS,0.022,
FT-387,FT,backend,backend.tests.test_skillopt_pruning,test_a_sufficient_at_floor_skill_is_retained,PASS,0.003,
FT-388,FT,backend,backend.tests.test_skillopt_pruning,test_a_sufficient_below_floor_skill_is_evicted,PASS,0.003,
FT-389,FT,backend,backend.tests.test_skillopt_pruning,test_an_abandoned_measurement_never_evicts,PASS,0.003,
FT-390,FT,backend,backend.tests.test_skillopt_pruning,test_no_measurements_means_no_removals,PASS,0.003,
FT-391,FT,backend,backend.tests.test_skillopt_pruning,test_not_proven_to_help_does_not_evict,PASS,0.003,
FT-392,FT,backend,backend.tests.test_skillopt_pruning,test_skills_are_bounded_per_round,PASS,0.003,
FT-393,FT,backend,backend.tests.test_skillopt_pruning,test_the_bound_counts_distinct_skills,PASS,0.003,
FT-394,FT,backend,backend.tests.test_skillopt_pruning,test_the_floor_is_not_a_parameter_of_the_round,PASS,0.003,
FT-395,FT,backend,backend.tests.test_skillopt_reflect,test_a_non_list_response_raises,PASS,0.003,
FT-396,FT,backend,backend.tests.test_skillopt_reflect,test_an_unparseable_response_raises_rather_than_applying_a_partial_parse,PASS,0.003,
FT-397,FT,backend,backend.tests.test_skillopt_reflect,test_build_prompt_injects_the_skill_and_the_failures,PASS,0.003,
FT-398,FT,backend,backend.tests.test_skillopt_reflect,test_malformed_edit_entries_are_dropped_not_guessed,PASS,0.003,
FT-399,FT,backend,backend.tests.test_skillopt_reflect,test_markdown_fenced_json_is_accepted,PASS,0.004,
FT-400,FT,backend,backend.tests.test_skillopt_reflect,test_more_proposals_than_the_budget_are_clipped,PASS,0.003,
FT-401,FT,backend,backend.tests.test_skillopt_reflect,test_reflect_returns_well_formed_edits,PASS,0.003,
FT-402,FT,backend,backend.tests.test_skillopt_reflect,test_the_client_is_not_the_spec_013_recording_proxy,PASS,0.004,
FT-403,FT,backend,backend.tests.test_skillopt_reflect,test_the_prompt_is_not_a_verbatim_copy_of_the_paper,PASS,0.003,
FT-404,FT,backend,backend.tests.test_skillopt_reflect,test_the_prompt_records_its_adaptation_source,PASS,0.003,
FT-405,FT,backend,backend.tests.test_skillopt_reflect,test_the_prompt_uses_platform_signals,PASS,0.003,
FT-406,FT,backend,backend.tests.test_skillopt_retarget,test_a_collected_record_carries_the_rule_histogram,PASS,0.011,
FT-407,FT,backend,backend.tests.test_skillopt_retarget,test_a_session_without_a_diagnostic_record_still_collects,PASS,0.004,
FT-408,FT,backend,backend.tests.test_skillopt_retarget,test_aggregation_is_deterministic_on_ties,PASS,0.003,
FT-409,FT,backend,backend.tests.test_skillopt_retarget,test_recurring_rules_are_aggregated_most_frequent_first,PASS,0.003,
FT-410,FT,backend,backend.tests.test_skillopt_retarget,test_the_prompt_carries_the_recurring_rules_and_the_stage,PASS,0.003,
FT-411,FT,backend,backend.tests.test_skillopt_retarget,test_the_prompt_says_so_when_nothing_was_attributed,PASS,0.003,
FT-412,FT,backend,backend.tests.test_skillopt_round,test_a_crashing_round_is_recorded_with_its_exception,PASS,0.010,
FT-413,FT,backend,backend.tests.test_skillopt_round,test_a_measurably_harmful_skill_is_removed_and_the_measurement_is_recorded,PASS,0.011,
FT-414,FT,backend,backend.tests.test_skillopt_round,test_insufficient_evidence_records_no_measurable_change_and_changes_nothing,PASS,0.008,
FT-415,FT,backend,backend.tests.test_skillopt_round,test_leave_one_out_over_recorded_density_separates_a_real_skill_from_an_inert_one,PASS,0.004,
FT-416,FT,backend,backend.tests.test_skillopt_round,test_no_failures_is_recorded,PASS,0.010,
FT-417,FT,backend,backend.tests.test_skillopt_round,test_no_sessions_is_recorded,PASS,0.017,
FT-418,FT,backend,backend.tests.test_skillopt_round,test_the_full_chain_runs_offline,PASS,0.016,
FT-419,FT,backend,backend.tests.test_spec_service,test_parse_spec_markdown_success,PASS,0.003,
FT-420,FT,backend,backend.tests.test_spec_service,test_validate_blueprint_missing_primary_key_raises_error,PASS,0.003,
FT-421,FT,backend,backend.tests.test_spec_service,test_validate_blueprint_missing_scenarios_raises_error,PASS,0.003,
FT-422,FT,backend,backend.tests.test_verification_selection,test_a_candidate_that_passes_is_selected_even_when_earlier_ones_raised,PASS,0.005,
FT-423,FT,backend,backend.tests.test_verification_selection,test_a_verifier_that_cannot_run_is_not_a_pass,PASS,0.003,
FT-424,FT,backend,backend.tests.test_verification_selection,test_an_empty_candidate_stream_reports_that_nothing_was_attempted,PASS,0.003,
FT-425,FT,backend,backend.tests.test_verification_selection,test_an_unverified_candidate_is_never_selected_as_the_best_of_a_bad_set,PASS,0.003,
FT-426,FT,backend,backend.tests.test_verification_selection,test_no_candidate_verifying_selects_nothing_and_says_so,PASS,0.003,
FT-427,FT,backend,backend.tests.test_verification_selection,test_the_candidate_budget_is_respected,PASS,0.003,
FT-428,FT,backend,backend.tests.test_verification_selection,test_the_first_verified_candidate_is_selected_and_the_rest_are_never_generated,PASS,0.003,
FT-429,FT,backend,backend.tests.test_verification_selection,test_verifier_results_are_kept_in_order_for_diagnosis,PASS,0.003,
FT-430,FT,frontend,src/test/app_integration.test.tsx,"App End-to-End Integration & WorkspaceRouter > logs in and mounts AppLayout with Header, Sidebar, and WorkspaceRouter",PASS,0.119108981,
FT-431,FT,frontend,src/test/app_integration.test.tsx,App End-to-End Integration & WorkspaceRouter > logs out and returns to LoginView,PASS,0.100554759,
FT-432,FT,frontend,src/test/app_integration.test.tsx,App End-to-End Integration & WorkspaceRouter > navigates seamlessly across every Workspace tab,PASS,0.406953068,
FT-433,FT,frontend,src/test/app_integration.test.tsx,App End-to-End Integration & WorkspaceRouter > renders LoginView when user is unauthenticated,PASS,0.467600753,
FT-434,FT,frontend,src/test/app_integration.test.tsx,App End-to-End Integration & WorkspaceRouter > toggles theme between light and dark from Header button,PASS,0.067875474,
FT-435,FT,frontend,src/test/layout.test.tsx,Layout Components & ErrorBoundary > ErrorBoundary catches rendering errors and displays fallback UI with retry button,PASS,0.240410394,
FT-436,FT,frontend,src/test/layout.test.tsx,Layout Components & ErrorBoundary > ErrorBoundary renders children when there is no error,PASS,0.007343626,
FT-437,FT,frontend,src/test/layout.test.tsx,"Layout Components & ErrorBoundary > renders Header with branding, backend health status, and user profile",PASS,0.169695571,
FT-438,FT,frontend,src/test/layout.test.tsx,Layout Components & ErrorBoundary > renders LifecycleStepper for the active session with phases,PASS,0.054811063,
FT-439,FT,frontend,src/test/layout.test.tsx,"Layout Components & ErrorBoundary > renders Sidebar with logo, New Microservice button, and session list item",PASS,0.056105226,
FT-440,FT,frontend,src/test/llm.test.tsx,"LlmContext & SettingsDrawer > initializes with the DeepSeek provider, unverified",PASS,0.036974611,
FT-441,FT,frontend,src/test/llm.test.tsx,LlmContext & SettingsDrawer > renders SettingsDrawer and executes verify connection flow,PASS,0.292347844,
FT-442,FT,frontend,src/test/llm.test.tsx,LlmContext & SettingsDrawer > updates apiKey and model properly,PASS,0.006547078,
FT-443,FT,frontend,src/test/llm.test.tsx,LlmContext & SettingsDrawer > updates provider and resets verification state for external providers,PASS,0.024842052,
FT-444,FT,frontend,src/test/services.test.ts,Frontend API Services & Client Interceptors > apiClient & Ephemeral Credentials (Principio VI) > injects X-LLM-API-Key and X-LLM-Provider into outgoing request headers,PASS,0.000858934,
FT-445,FT,frontend,src/test/services.test.ts,Frontend API Services & Client Interceptors > apiClient & Ephemeral Credentials (Principio VI) > sets and retrieves ephemeral in-memory credentials without touching disk,PASS,0.004757464,
FT-446,FT,frontend,src/test/services.test.ts,Frontend API Services & Client Interceptors > architectureService & modelsService > architectureService.design calls POST /architecture/design,PASS,0.000709013,
FT-447,FT,frontend,src/test/services.test.ts,Frontend API Services & Client Interceptors > architectureService & modelsService > modelsService.generate calls POST /models/generate,PASS,0.000755841,
FT-448,FT,frontend,src/test/services.test.ts,Frontend API Services & Client Interceptors > devopsService & llmService > deployLocal calls POST /devops/:id/deploy,PASS,0.000527712,
FT-449,FT,frontend,src/test/services.test.ts,Frontend API Services & Client Interceptors > devopsService & llmService > llmService.checkHealth calls GET /healthz,PASS,0.000450016,
FT-450,FT,frontend,src/test/services.test.ts,Frontend API Services & Client Interceptors > exportService & securityService > exportService produces correct zip export url,PASS,0.000354567,
FT-451,FT,frontend,src/test/services.test.ts,Frontend API Services & Client Interceptors > exportService & securityService > listArtifacts calls GET /sessions/:id/artifacts,PASS,0.000532942,
FT-452,FT,frontend,src/test/services.test.ts,Frontend API Services & Client Interceptors > exportService & securityService > securityService.getAuditReport calls GET /security/:id/report,PASS,0.000501222,
FT-453,FT,frontend,src/test/services.test.ts,Frontend API Services & Client Interceptors > orchestratorService > getOverview calls GET /orchestrator/sessions/:id/overview,PASS,0.000760359,
FT-454,FT,frontend,src/test/services.test.ts,"Frontend API Services & Client Interceptors > orchestratorService > pause, resume, and cancel pipeline endpoints",PASS,0.000954435,
FT-455,FT,frontend,src/test/services.test.ts,Frontend API Services & Client Interceptors > orchestratorService > runPipeline posts payload to /orchestrator/pipeline/run,PASS,0.000591361,
FT-456,FT,frontend,src/test/services.test.ts,Frontend API Services & Client Interceptors > requirementsService > getSessionRequirements calls GET /requirements/sessions/:id,PASS,0.00066453,
FT-457,FT,frontend,src/test/services.test.ts,Frontend API Services & Client Interceptors > requirementsService > transform posts naturalLanguageText to /requirements/transform,PASS,0.000940067,
FT-458,FT,frontend,src/test/services.test.ts,Frontend API Services & Client Interceptors > sessionService > cancelSession calls DELETE /sessions/:id,PASS,0.000779916,
FT-459,FT,frontend,src/test/services.test.ts,Frontend API Services & Client Interceptors > sessionService > listSessions calls GET /sessions with limit parameter,PASS,0.004139642,
FT-460,FT,frontend,src/test/services.test.ts,Frontend API Services & Client Interceptors > sessionService > quickStart calls POST /sessions/quick-start with payload,PASS,0.001215145,
FT-461,FT,frontend,src/test/theme.test.tsx,ThemeContext > allows explicit theme setting via setTheme,PASS,0.02123472,
FT-462,FT,frontend,src/test/theme.test.tsx,ThemeContext > initializes with light theme by default when no matchMedia dark preference,PASS,0.065828595,
FT-463,FT,frontend,src/test/theme.test.tsx,ThemeContext > restores saved theme from localStorage,PASS,0.012785867,
FT-464,FT,frontend,src/test/theme.test.tsx,ThemeContext > toggles theme between light and dark,PASS,0.03264961,
FT-465,FT,frontend,src/test/views_design_models.test.tsx,Views: ArchitectureView & DomainModelsView > ArchitectureView > opens refine drawer when Refinar con IA is clicked on active design,PASS,0.271654641,
FT-466,FT,frontend,src/test/views_design_models.test.tsx,Views: ArchitectureView & DomainModelsView > ArchitectureView > renders empty state when architecture has not been synthesized,PASS,0.127777317,
FT-467,FT,frontend,src/test/views_design_models.test.tsx,Views: ArchitectureView & DomainModelsView > ArchitectureView > synthesizes 4-layer architecture with IA button click,PASS,0.452234796,
FT-468,FT,frontend,src/test/views_design_models.test.tsx,Views: ArchitectureView & DomainModelsView > DomainModelsView > renders empty state when models have not been synthesized,PASS,0.035613653,
FT-469,FT,frontend,src/test/views_design_models.test.tsx,"Views: ArchitectureView & DomainModelsView > DomainModelsView > synthesizes models and SQL with IA and displays ERD, JPA entities, and DDL",PASS,0.078153386,
FT-470,FT,frontend,src/test/views_generation_explorer.test.tsx,"Views: GenerationMonitorView & CodeExplorerView > CodeExplorerView > allows toggling between exploration subtabs (Artifacts, Tests, Self-Repair, Manual)",PASS,0.073568417,
FT-471,FT,frontend,src/test/views_generation_explorer.test.tsx,Views: GenerationMonitorView & CodeExplorerView > CodeExplorerView > renders empty state when there are no generated artifacts,PASS,0.039540014,
FT-472,FT,frontend,src/test/views_generation_explorer.test.tsx,Views: GenerationMonitorView & CodeExplorerView > CodeExplorerView > renders file tree and displays code content when an artifact is selected,PASS,0.127490297,
FT-473,FT,frontend,src/test/views_generation_explorer.test.tsx,"Views: GenerationMonitorView & CodeExplorerView > GenerationMonitorView > renders terminal controls (Auto-Scroll, Limpiar Terminal)",PASS,0.03593719,
FT-474,FT,frontend,src/test/views_generation_explorer.test.tsx,Views: GenerationMonitorView & CodeExplorerView > GenerationMonitorView > renders the 6 LangGraph stages with their descriptions,PASS,0.151199019,
FT-475,FT,frontend,src/test/views_overview_reqs.test.tsx,"Views: StudioOverview, SpecIngestion, Requirements > RequirementsView > allows manually adding a user story using Crear Manualmente button",PASS,0.135524832,
FT-476,FT,frontend,src/test/views_overview_reqs.test.tsx,"Views: StudioOverview, SpecIngestion, Requirements > RequirementsView > shows empty state card when there are no user stories in the session",PASS,0.037627739,
FT-477,FT,frontend,src/test/views_overview_reqs.test.tsx,"Views: StudioOverview, SpecIngestion, Requirements > RequirementsView > transforms prompt with AI to generate a minimum of 3 user stories",PASS,0.160900537,
FT-478,FT,frontend,src/test/views_overview_reqs.test.tsx,"Views: StudioOverview, SpecIngestion, Requirements > SpecIngestionView > allows toggling between File Upload and JSON Editor tabs",PASS,0.069636765,
FT-479,FT,frontend,src/test/views_overview_reqs.test.tsx,"Views: StudioOverview, SpecIngestion, Requirements > SpecIngestionView > submits valid JSON blueprint and shows success feedback",PASS,0.124465932,
FT-480,FT,frontend,src/test/views_overview_reqs.test.tsx,"Views: StudioOverview, SpecIngestion, Requirements > StudioOverviewView > disables Autonomous Generation button when service name and prompt are empty",PASS,0.278357473,
FT-481,FT,frontend,src/test/views_overview_reqs.test.tsx,"Views: StudioOverview, SpecIngestion, Requirements > StudioOverviewView > enables generation button when inputs are provided and triggers quickStart",PASS,0.083939063,
FT-482,FT,frontend,src/test/workflow_journeys.test.tsx,Flujo de trabajo en la interfaz > crea un microservicio desde el formulario y envía el asunto al backend,PASS,0.358439404,
FT-483,FT,frontend,src/test/workflow_journeys.test.tsx,Flujo de trabajo en la interfaz > informa que el smoke test NO se ejecutó cuando el backend falla,PASS,0.357530385,
FT-484,FT,frontend,src/test/workflow_journeys.test.tsx,Flujo de trabajo: contratos de petición y respuesta > crea una sesión por inicio rápido y la lee de vuelta,PASS,0.089285614,
FT-485,FT,frontend,src/test/workflow_journeys.test.tsx,Flujo de trabajo: contratos de petición y respuesta > lee el resumen y el ciclo de vida de la sesión activa,PASS,0.012798852,
FT-486,FT,frontend,src/test/workflow_journeys.test.tsx,Flujo de trabajo: contratos de petición y respuesta > lista los artefactos y compone la URL de descarga del paquete,PASS,0.007822606,
FT-487,FT,frontend,src/test/workflow_journeys.test.tsx,"Flujo de trabajo: contratos de petición y respuesta > recorre el ciclo de control del Auto-Pilot: ejecutar, pausar, reanudar y cancelar",PASS,0.027599326,
FT-488,FT,frontend,src/test/workflow_journeys.test.tsx,Flujo de trabajo: garantías del producto > propaga el fallo de la comprobación de salud en lugar de informar un contenedor sano,PASS,0.011156634,
FT-489,FT,frontend,src/test/workflow_journeys.test.tsx,Flujo de trabajo: garantías del producto > propaga el fallo del backend en lugar de inventar una respuesta,PASS,0.010882148,
FT-490,FT,frontend,src/test/workflow_journeys.test.tsx,Flujo de trabajo: garantías del producto > transporta la credencial en una cabecera y no la persiste en ningún almacenamiento,PASS,0.01010679,
